method,iteration,learning_rate,batch_size,num_blocks,filters_1,filters_2,filters_3,kernel_size,dropout,dense_units,val_accuracy,val_loss,test_accuracy,test_loss,time_sec,num_params,optimizer,weight_decay,use_batch_norm,generation,individual_in_generation,pso_iteration,particle,aco_iteration,ant,hs_phase,memory_index,hs_iteration,dataset,seed
harmony_search,13,0.001427921361121902,32,1,64,32,64,3,0.030306337038506825,256,0.9273333333333333,0.20730119517197212,0.9193,0.2655884255796671,31.52458167076111,3251658,adamw,0.0001,1.0,,,,,,,main,,8.0,FashionMNIST,42
pso,17,0.00160901906371031,128,1,64,128,256,3,0.1483242480178807,128,0.9258333333333333,0.20544804616769155,0.9167,0.25206728930473327,14.414839506149292,1644618,adam,0.0001,1.0,,,4.0,2.0,,,,,,FashionMNIST,42
random_search,16,0.001502727481746676,32,1,64,128,64,3,0.03370016405515375,64,0.9253333333333333,0.2253120870490869,0.9179,0.2438484670639038,27.310581922531128,841098,sgd,1.6314435440561296e-06,0.0,,,,,,,,,,FashionMNIST,42
aco,20,0.0007033269290478107,32,2,64,128,64,5,0.2335123340183375,128,0.9238333333333333,0.20721579399704934,0.9177,0.2197680111825466,46.70359802246094,1523018,adam,0.0001,1.0,,,,,4.0,5.0,,,,FashionMNIST,42
ga,7,0.0003398044211072356,64,1,64,64,64,5,0.4645091658527571,256,0.922,0.21970950730641683,0.9121,0.23269573392868043,24.322041273117065,3318218,adam,1e-06,0.0,2.0,2.0,,,,,,,,FashionMNIST,42
manual_search,5,0.0008,32,1,32,64,128,5,0.2,128,0.9201666666666667,0.21925915155808132,0.9159,0.2276645844578743,30.74640655517578,830698,,,,,,,,,,,,,FashionMNIST,42
