method,iteration,learning_rate,batch_size,num_blocks,filters_1,filters_2,filters_3,kernel_size,dropout,dense_units,val_accuracy,val_loss,test_accuracy,test_loss,time_sec,num_params,optimizer,weight_decay,use_batch_norm,generation,individual_in_generation,pso_iteration,particle,aco_iteration,ant,hs_phase,memory_index,hs_iteration,dataset,seed
aco,3,0.0004711824328462741,256,1,64,128,128,3,0.046372921690073954,256,0.3476,2.661544551086426,0.3443,2.6505298736572267,15.153901100158691,4258980,adam,0.0001,1.0,,,,,1.0,3.0,,,,CIFAR100,42
ga,17,0.00012994487612816188,32,2,64,128,64,5,0.20188777565913874,256,0.3474,2.59729741897583,0.35,2.592607983016968,52.799723625183105,2845092,adam,1e-05,1.0,4.0,2.0,,,,,,,,CIFAR100,42
random_search,13,0.0015772087178392035,256,1,16,64,128,3,0.028962583247093776,256,0.3122,2.764200965499878,0.3171,2.7616292266845703,11.505153894424438,1077300,adam,1.8070091688765019e-06,1.0,,,,,,,,,,CIFAR100,42
harmony_search,17,0.0015169980582701848,64,1,16,32,64,3,0.030306337038506825,256,0.308,2.770311413574219,0.3191,2.7419571300506593,19.300673961639404,1077300,adamw,1e-05,0.0,,,,,,,main,,12.0,CIFAR100,42
manual_search,1,0.001,64,2,32,64,128,3,0.25,128,0.284,2.8722105422973634,0.2838,2.881539945602417,29.94642972946167,602884,,,,,,,,,,,,,CIFAR100,42
pso,20,0.006211743850459683,256,2,16,64,128,3,0.01715482589875862,128,0.2636,2.9966265045166014,0.2658,3.0072165115356446,12.702163696289062,586292,adam,0.0001,1.0,,,4.0,5.0,,,,,,CIFAR100,42
