method,iteration,learning_rate,batch_size,num_blocks,filters_1,filters_2,filters_3,kernel_size,dropout,dense_units,val_accuracy,val_loss,test_accuracy,test_loss,time_sec,num_params,optimizer,weight_decay,use_batch_norm,generation,individual_in_generation,pso_iteration,particle,aco_iteration,ant,hs_phase,memory_index,hs_iteration,dataset,seed
ga,10,0.0003398044211072356,32,3,64,64,128,3,0.1519374746341769,256,0.742,0.7341994160652161,0.7406,0.7518064229011535,33.72522974014282,861130,adam,1e-05,0.0,2.0,5.0,,,,,,,,CIFAR10,42
aco,20,0.0007033269290478107,128,2,64,128,64,3,0.2335123340183375,256,0.7224,0.7799520743370056,0.7181,0.805447241973877,24.444602251052856,2360138,adam,0.0001,1.0,,,,,4.0,5.0,,,,CIFAR10,42
random_search,8,0.0006343509199762545,32,1,64,128,128,3,0.32771933264744,128,0.6836,0.9057191983222962,0.6878,0.90724854221344,27.641566276550293,2137290,adamw,2.379882731492451e-05,1.0,,,,,,,,,,CIFAR10,42
manual_search,3,0.001,64,3,32,64,128,3,0.35,128,0.6828,0.8960102071762085,0.6859,0.8955202415466309,21.834717750549316,550570,,,,,,,,,,,,,CIFAR10,42
harmony_search,10,0.0022532106319453774,32,1,32,32,128,3,0.030306337038506825,256,0.6592,1.0044561707496642,0.658,1.055804304599762,25.14602279663086,2110122,sgd,0.0001,0.0,,,,,,,main,,5.0,CIFAR10,42
pso,18,0.0057647533551123,256,2,32,32,128,3,0.0,64,0.6372,1.0382400813102721,0.6343,1.0317285326004029,12.500651597976685,160426,adam,0.0001,1.0,,,4.0,3.0,,,,,,CIFAR10,42
