method,best_val_accuracy,test_accuracy_at_best,iteration_of_best,time_of_best_sec,total_time_sec
ga,0.742,0.7406,10,308.6921417713165,691.6180081367493
aco,0.7224,0.7181,20,521.8484218120575,521.8484218120575
random_search,0.6836,0.6878,8,211.7731101512909,546.0859656333923
manual_search,0.6828,0.6859,3,56.778995990753174,114.49887228012085
harmony_search,0.6592,0.658,10,234.40745496749878,467.91388726234436
pso,0.6372,0.6343,18,259.6973648071289,284.83592319488525
