method,best_val_accuracy,test_accuracy_at_best,iteration_of_best,time_of_best_sec,total_time_sec
harmony_search,0.9273333333333333,0.9193,13,305.55591225624084,512.108039855957
pso,0.9258333333333333,0.9167,17,315.96127223968506,360.8581278324127
random_search,0.9253333333333333,0.9179,16,444.1210424900055,571.2725210189819
aco,0.9238333333333333,0.9177,20,626.7351405620575,626.7351405620575
ga,0.922,0.9121,7,199.2255141735077,569.9132769107819
manual_search,0.9201666666666667,0.9159,5,123.62087368965149,123.62087368965149
