method,iteration,learning_rate,batch_size,num_blocks,filters_1,filters_2,filters_3,kernel_size,dropout,dense_units,val_accuracy,val_loss,test_accuracy,test_loss,time_sec,num_params,optimizer,weight_decay,use_batch_norm,generation,individual_in_generation,pso_iteration,particle,aco_iteration,ant,hs_phase,memory_index,hs_iteration,dataset,seed
manual_search,1,0.001,64,2,32,64,128,3,0.25,128,0.9326666666666666,0.1774456167022387,0.9275,0.19854512555599213,59.81895470619202,468202,,,,,,,,,,,,,FashionMNIST,42
manual_search,2,0.0005,128,2,32,64,128,3,0.3,256,0.9305,0.1855866012175878,0.925,0.20420186579227448,33.46922540664673,871018,,,,,,,,,,,,,FashionMNIST,42
manual_search,3,0.001,64,3,32,64,128,3,0.35,128,0.9308333333333333,0.18498687456051507,0.9243,0.21012480638027192,59.49237132072449,436202,,,,,,,,,,,,,FashionMNIST,42
manual_search,4,0.0002,128,3,64,128,256,3,0.4,256,0.9365,0.18494035518169402,0.9251,0.21060953752994538,65.8935182094574,1738698,,,,,,,,,,,,,FashionMNIST,42
manual_search,5,0.0008,32,1,32,64,128,5,0.2,128,0.9276666666666666,0.2134657146210472,0.9212,0.22992164833545684,64.9753029346466,830826,,,,,,,,,,,,,FashionMNIST,42
random_search,1,0.0019004375238737116,32,3,32,32,64,3,0.3682356070820062,256,0.8971666666666667,0.2791219119230906,0.8894,0.2887934206843376,96.57353925704956,233770,adamw,0.0004748306046370143,0.0,,,,,,,,,,FashionMNIST,42
random_search,2,0.0015169980582701848,32,1,16,32,64,3,0.2806225314693065,256,0.9306666666666666,0.20788506745547056,0.9252,0.23271227786242962,75.79437708854675,808186,adamw,0.0001270500735408539,1.0,,,,,,,,,,FashionMNIST,42
random_search,3,0.00027598230915285764,128,1,16,128,128,5,0.13893567083582092,64,0.8855,0.3249547220468521,0.8793,0.3306351418495178,27.54220414161682,208314,sgd,2.0259598275933324e-06,1.0,,,,,,,,,,FashionMNIST,42
random_search,4,0.0001561107296769821,128,3,32,32,256,5,0.26811404572735037,128,0.9266666666666666,0.20364399878184,0.9191,0.22589292672872543,57.94118905067444,2219050,adam,4.5302471291184675e-05,1.0,,,,,,,,,,FashionMNIST,42
random_search,5,0.001427921361121902,32,1,64,32,128,3,0.42765886050757346,64,0.9163333333333333,0.22992870789766312,0.9121,0.2448178813457489,58.651753187179565,841354,sgd,6.822142856256232e-06,1.0,,,,,,,,,,FashionMNIST,42
random_search,6,0.00021149893961648075,128,1,64,64,256,3,0.3045655028334941,64,0.9123333333333333,0.24875971281528472,0.9051,0.26100097756385804,27.693040132522583,841098,adamw,0.00015395024835516638,0.0,,,,,,,,,,FashionMNIST,42
random_search,7,0.0008404665310526154,128,3,64,128,64,5,0.4214259600949048,64,0.9258333333333333,0.19600073293844858,0.9176,0.21806229000091554,91.38529014587402,1064714,adam,0.0002920167626720552,1.0,,,,,,,,,,FashionMNIST,42
random_search,8,0.0006343509199762545,32,1,64,128,128,3,0.32771933264744,128,0.9328333333333333,0.19070512494444847,0.9303,0.21033683900535108,65.56517624855042,1644874,adamw,2.379882731492451e-05,1.0,,,,,,,,,,FashionMNIST,42
random_search,9,0.00019022195423001629,128,3,64,64,256,5,0.18099822185680547,64,0.91,0.2486962794860204,0.9024,0.2665802838742733,82.81987404823303,2505738,adamw,3.0237613021454307e-05,0.0,,,,,,,,,,FashionMNIST,42
random_search,10,0.005274797835850612,64,3,16,128,128,3,0.19238365583725003,256,0.8968333333333334,0.2747108430465062,0.8951,0.28254031682014463,49.71396064758301,761530,sgd,3.866722765081481e-05,0.0,,,,,,,,,,FashionMNIST,42
random_search,11,0.0022938595363362463,32,3,64,64,256,5,0.05577608679793822,128,0.925,0.19638087486475705,0.9154,0.2525940701454878,123.70962858200073,2655434,adam,2.2970535457474088e-05,1.0,,,,,,,,,,FashionMNIST,42
random_search,12,0.008785696523496332,64,3,16,128,128,3,0.0764196342748174,64,0.8643333333333333,0.38946871789296467,0.8564,0.39734891629219055,54.17621684074402,538234,adamw,0.000725269213838676,0.0,,,,,,,,,,FashionMNIST,42
random_search,13,0.0015772087178392035,256,1,16,64,128,3,0.028962583247093776,256,0.9238333333333333,0.229224971195062,0.9199,0.27806738567352296,25.333747625350952,808186,adam,1.8070091688765019e-06,1.0,,,,,,,,,,FashionMNIST,42
random_search,14,0.00428594414383087,64,1,64,64,256,3,0.13252831447002955,256,0.9095,0.24711208019653957,0.9043,0.2621880798101425,51.32532024383545,3251658,sgd,0.0007817874924482802,0.0,,,,,,,,,,FashionMNIST,42
random_search,15,0.0026662320560911917,256,3,64,64,128,5,0.06050209793413286,64,0.9106666666666666,0.24082122921943663,0.9092,0.25478591876029966,61.67183566093445,998154,adam,1.0333719919396349e-05,0.0,,,,,,,,,,FashionMNIST,42
random_search,16,0.001502727481746676,32,1,64,128,64,3,0.03370016405515375,64,0.9038333333333334,0.258626573741436,0.8996,0.2774987720131874,65.19443464279175,841098,sgd,1.6314435440561296e-06,0.0,,,,,,,,,,FashionMNIST,42
random_search,17,0.00036054089121966335,256,1,64,32,256,5,0.12149862119786226,128,0.8078333333333333,0.5337959303061167,0.804,0.543857103395462,38.39680337905884,1711178,sgd,3.7258875470092987e-06,0.0,,,,,,,,,,FashionMNIST,42
random_search,18,0.0020795314796063537,128,2,32,64,256,3,0.33668227364665076,256,0.9303333333333333,0.18651034186283746,0.925,0.2069419877052307,33.7340202331543,871018,adam,1.5199805205200254e-06,1.0,,,,,,,,,,FashionMNIST,42
random_search,19,0.003991949344645287,32,1,16,32,256,5,0.07009114854738724,64,0.9133333333333333,0.2363672798673312,0.9081,0.2550040731191635,64.65929794311523,208250,sgd,2.4427791540672388e-05,0.0,,,,,,,,,,FashionMNIST,42
random_search,20,0.0007695936756467131,32,1,64,128,64,3,0.4631834915040638,64,0.9208333333333333,0.2135400175601244,0.9197,0.22285831639766693,65.56780004501343,841354,adam,1.6566935211847058e-05,1.0,,,,,,,,,,FashionMNIST,42
random_search,21,0.00026760523091972797,256,1,16,64,64,5,0.13260152908607598,128,0.866,0.3842933039665222,0.8631,0.3874546194076538,21.402865648269653,409722,sgd,1.8579005272228173e-05,1.0,,,,,,,,,,FashionMNIST,42
random_search,22,0.00020398284774456553,128,1,16,128,256,3,0.37398778018953205,64,0.8886666666666667,0.3052182476917903,0.8864,0.31297892503738406,26.627935886383057,203898,adam,5.656304529493126e-05,0.0,,,,,,,,,,FashionMNIST,42
random_search,23,0.00012994487612816188,32,1,16,128,64,3,0.20188777565913874,256,0.9106666666666666,0.24504112881422044,0.901,0.26237725653648375,56.29024028778076,808122,adam,5.454527962833615e-05,0.0,,,,,,,,,,FashionMNIST,42
random_search,24,0.0017328581795201504,256,3,64,128,256,5,0.4673531288682136,64,0.8778333333333334,0.3287341456015905,0.8683,0.34372948870658876,97.57845759391785,3325066,adamw,0.00014079116492836285,0.0,,,,,,,,,,FashionMNIST,42
random_search,25,0.0003398044211072356,64,3,64,64,128,5,0.4645091658527571,64,0.9151666666666667,0.22979239757855732,0.9174,0.23372285783290864,72.44988656044006,998154,adam,2.37059065390971e-05,0.0,,,,,,,,,,FashionMNIST,42
random_search,26,0.00014012687673580873,64,3,32,32,128,3,0.4396351212422714,128,0.7738333333333334,0.6142605714797974,0.7698,0.6180800449371338,61.56043887138367,362282,sgd,2.973312092018668e-06,1.0,,,,,,,,,,FashionMNIST,42
random_search,27,0.0016724591984196078,32,3,64,64,256,3,0.46946500196355195,64,0.8681666666666666,0.3455013301372528,0.8629,0.35983385174274446,101.36347031593323,997386,sgd,2.219657728027214e-06,0.0,,,,,,,,,,FashionMNIST,42
random_search,28,0.0030537492123328632,64,2,32,128,64,5,0.10179865616372646,256,0.93,0.18881548859675726,0.9228,0.21250348103046418,69.98583436012268,2147818,sgd,3.28266960765393e-05,1.0,,,,,,,,,,FashionMNIST,42
random_search,29,0.006466555095709448,32,1,64,64,128,3,0.00177284454389115,64,0.8995,0.2913368978003661,0.8879,0.32184087994098665,71.03106880187988,841098,adamw,0.0008697488465948366,0.0,,,,,,,,,,FashionMNIST,42
random_search,30,0.003037119055767821,256,3,16,32,64,3,0.27279514460276116,128,0.9281666666666667,0.19694945806264877,0.9226,0.21490101180076598,26.565236568450928,147386,adamw,4.545433309988478e-05,1.0,,,,,,,,,,FashionMNIST,42
random_search,31,0.00017984196476608503,128,2,16,64,64,3,0.3334667053177715,128,0.9193333333333333,0.21973357292016346,0.9134,0.23699839906692505,33.58141589164734,451834,adamw,0.0004491631349569214,1.0,,,,,,,,,,FashionMNIST,42
random_search,32,0.008864904171112919,64,1,16,32,128,3,0.0896803317091035,128,0.915,0.2364368494550387,0.9119,0.24783981852531434,42.2686870098114,405306,sgd,0.00025509703851798045,0.0,,,,,,,,,,FashionMNIST,42
random_search,33,0.0003416735965431238,32,2,16,64,64,3,0.4082933027984645,128,0.8243333333333334,0.4833376375834147,0.8168,0.4954128257989883,87.5529854297638,451514,sgd,8.233274629789769e-06,0.0,,,,,,,,,,FashionMNIST,42
random_search,34,0.0002791560820688288,64,2,32,64,64,5,0.1755730645413761,256,0.9111666666666667,0.24782741940021516,0.9028,0.2694755035400391,64.27046155929565,986218,sgd,0.00010928343947215599,1.0,,,,,,,,,,FashionMNIST,42
random_search,35,0.00755917292840472,32,2,16,128,128,3,0.05420127360735555,128,0.9366666666666666,0.18068445360288024,0.93,0.2135556042574346,92.04223585128784,973434,sgd,0.0001533328408098318,1.0,,,,,,,,,,FashionMNIST,42
random_search,36,0.0007460840708299174,32,2,64,32,128,3,0.3543926419170853,64,0.9213333333333333,0.21194523014624914,0.9168,0.23056137461662293,73.25032567977905,166346,adamw,0.0005980334779460784,0.0,,,,,,,,,,FashionMNIST,42
random_search,37,0.0005351098478647973,32,3,32,128,128,3,0.3598771315069751,128,0.9388333333333333,0.17027055249611536,0.9278,0.2007264322221279,103.22115302085876,639338,adamw,8.469426171992905e-06,1.0,,,,,,,,,,FashionMNIST,42
random_search,38,0.00044912353099658107,128,3,16,32,128,5,0.33865897263636646,64,0.9183333333333333,0.2182179463307063,0.9173,0.22934201979637145,39.67151594161987,632698,adamw,5.0970132738480324e-05,1.0,,,,,,,,,,FashionMNIST,42
random_search,39,0.0012470228926784975,32,2,32,32,128,5,0.2324940951235071,128,0.931,0.18568190940221152,0.9249,0.20354576616287232,92.8195161819458,280106,adamw,4.3762709514415465e-06,1.0,,,,,,,,,,FashionMNIST,42
random_search,40,0.0038678604641895547,64,3,16,64,256,5,0.046693600037781335,64,0.8878333333333334,0.30088112445672355,0.8852,0.31697136278152466,68.16663885116577,2331642,adamw,8.536078353861906e-06,0.0,,,,,,,,,,FashionMNIST,42
random_search,41,0.00019710966711513787,32,1,32,128,64,5,0.20722050549885968,256,0.9275,0.2118448915531238,0.9224,0.23631884919703006,68.52415680885315,1635050,adamw,3.830943176310784e-06,1.0,,,,,,,,,,FashionMNIST,42
random_search,42,0.0009744382833617107,64,1,64,128,64,3,0.3892102033836625,64,0.9163333333333333,0.22335277473926543,0.9134,0.23866352903842927,44.05012655258179,841354,adam,0.00025842205071749565,1.0,,,,,,,,,,FashionMNIST,42
random_search,43,0.00012601921508842803,64,1,32,32,128,5,0.47501980422157797,128,0.9161666666666667,0.2238643109401067,0.9141,0.2358980392217636,45.11014652252197,830826,adamw,0.0002786246410529935,1.0,,,,,,,,,,FashionMNIST,42
random_search,44,0.004582878457156123,256,1,64,64,128,5,0.37588839325025575,256,0.919,0.2188444583217303,0.9129,0.23577750138044357,44.29817199707031,3318474,sgd,0.0001983540411169895,1.0,,,,,,,,,,FashionMNIST,42
random_search,45,0.0017926556488466485,128,2,16,128,128,3,0.1358575535410923,128,0.9303333333333333,0.20249215265115103,0.9242,0.2232492255806923,31.257070302963257,972858,adamw,1.7447490598201684e-06,0.0,,,,,,,,,,FashionMNIST,42
random_search,46,0.0002900834550454762,64,3,16,32,128,5,0.16544069551904178,128,0.9043333333333333,0.26902647070089974,0.8991,0.27695970809459686,62.920841693878174,707130,sgd,1.5374363031323616e-06,1.0,,,,,,,,,,FashionMNIST,42
random_search,47,0.0006011095466080208,32,3,32,64,64,5,0.14930632618619172,128,0.8623333333333333,0.37287785243988036,0.853,0.3883090873122215,98.15209364891052,460266,sgd,4.117766374231031e-05,0.0,,,,,,,,,,FashionMNIST,42
random_search,48,0.0009472376574359649,128,2,32,32,128,5,0.33443681031145855,128,0.9285,0.19630792820453644,0.9232,0.21060905153751372,35.10198712348938,280106,adamw,3.127045450535841e-06,1.0,,,,,,,,,,FashionMNIST,42
random_search,49,0.006903721149652397,32,2,64,128,256,3,0.04197373108100011,128,0.8805,0.3248653559486071,0.8753,0.3443264759778976,83.54844808578491,1063242,adam,0.00039861539419991756,0.0,,,,,,,,,,FashionMNIST,42
random_search,50,0.00012605766751553566,256,2,16,64,128,5,0.38061485394701355,128,0.7885,0.5800771123568217,0.788,0.5775274261474609,29.55837392807007,538106,sgd,0.0001803140095473306,1.0,,,,,,,,,,FashionMNIST,42
ga,1,0.0019004375238737116,32,3,32,32,64,3,0.3682356070820062,256,0.8985,0.2753355806668599,0.8953,0.2861878964662552,93.4220712184906,233770,adamw,0.0001,0.0,1.0,1.0,,,,,,,,FashionMNIST,42
ga,2,0.0015169980582701848,32,1,16,32,64,3,0.2806225314693065,256,0.9306666666666666,0.20788506745547056,0.9252,0.23271227786242962,66.79591488838196,808186,adamw,0.0001,1.0,1.0,2.0,,,,,,,,FashionMNIST,42
ga,3,0.00027598230915285764,128,1,16,128,128,5,0.13893567083582092,64,0.8851666666666667,0.3250237904787064,0.8792,0.3306558903455734,26.354588270187378,208314,sgd,1e-06,1.0,1.0,3.0,,,,,,,,FashionMNIST,42
ga,4,0.0001561107296769821,128,3,32,32,256,5,0.26811404572735037,128,0.9283333333333333,0.20070637174447378,0.9189,0.22350158734321593,59.78063416481018,2219050,adam,1e-05,1.0,1.0,4.0,,,,,,,,FashionMNIST,42
ga,5,0.001427921361121902,32,1,64,32,128,3,0.42765886050757346,64,0.9166666666666666,0.22999703574180602,0.9151,0.24135410755872727,63.58299493789673,841354,sgd,1e-05,1.0,1.0,5.0,,,,,,,,FashionMNIST,42
ga,6,0.0015169980582701848,32,1,16,32,64,3,0.2806225314693065,256,0.9306666666666666,0.20788506745547056,0.9252,0.23271227786242962,64.7888023853302,808186,adamw,0.0001,1.0,2.0,1.0,,,,,,,,FashionMNIST,42
ga,7,0.004074662116555786,256,3,32,32,256,5,0.26811404572735037,128,0.9205,0.2194405336578687,0.9129,0.24168329582214357,55.495450019836426,2219050,sgd,1e-05,1.0,2.0,2.0,,,,,,,,FashionMNIST,42
ga,8,0.00020716458231041012,128,3,32,32,256,3,0.2538408373021626,128,0.9273333333333333,0.19641498919328054,0.9264,0.21184572693109513,41.391157388687134,989738,adamw,1e-05,1.0,2.0,3.0,,,,,,,,FashionMNIST,42
ga,9,0.0015169980582701848,128,1,64,64,64,3,0.2806225314693065,256,0.9286666666666666,0.20297072311242423,0.9253,0.21370789659023284,34.84843850135803,3251914,adamw,0.0001,1.0,2.0,4.0,,,,,,,,FashionMNIST,42
ga,10,0.0015169980582701848,32,1,16,32,64,3,0.2806225314693065,256,0.9228333333333333,0.21230895798901717,0.9138,0.23652707948684693,60.81112027168274,808186,sgd,0.0001,1.0,2.0,5.0,,,,,,,,FashionMNIST,42
ga,11,0.0015169980582701848,32,1,16,32,64,3,0.2806225314693065,256,0.9306666666666666,0.20788506745547056,0.9252,0.23271227786242962,66.5569396018982,808186,adamw,0.0001,1.0,3.0,1.0,,,,,,,,FashionMNIST,42
ga,12,0.0015169980582701848,32,1,16,32,64,3,0.2806225314693065,256,0.9306666666666666,0.20788506745547056,0.9252,0.23271227786242962,65.71969556808472,808186,adamw,0.0001,1.0,3.0,2.0,,,,,,,,FashionMNIST,42
ga,13,0.0015169980582701848,256,3,64,32,64,3,0.2806225314693065,256,0.9321666666666667,0.18445260111490885,0.9276,0.20059923647642136,35.55430459976196,271626,adamw,0.0001,1.0,3.0,3.0,,,,,,,,FashionMNIST,42
ga,14,0.0015169980582701848,32,1,16,32,64,3,0.2806225314693065,64,0.9198333333333333,0.22006283495823542,0.9174,0.22709438064098358,66.59114027023315,203962,adamw,1e-06,1.0,3.0,4.0,,,,,,,,FashionMNIST,42
ga,15,0.0015169980582701848,256,1,32,64,64,5,0.2806225314693065,256,0.923,0.21110086021820704,0.9213,0.21769754056930543,25.983146905899048,1635050,adamw,0.0001,1.0,3.0,5.0,,,,,,,,FashionMNIST,42
ga,16,0.0015169980582701848,256,3,64,32,64,3,0.2806225314693065,256,0.9321666666666667,0.18445260111490885,0.9276,0.20059923647642136,35.495588541030884,271626,adamw,0.0001,1.0,4.0,1.0,,,,,,,,FashionMNIST,42
ga,17,0.0015169980582701848,256,3,16,32,64,3,0.2806225314693065,256,0.9255,0.20046944642066955,0.9196,0.21590662183761597,27.026772260665894,222522,adamw,0.0001,1.0,4.0,2.0,,,,,,,,FashionMNIST,42
ga,18,0.0015169980582701848,64,3,64,32,64,3,0.2806225314693065,256,0.9306666666666666,0.18995074464877446,0.9231,0.21269115722179413,57.61850953102112,271626,adamw,0.0001,1.0,4.0,3.0,,,,,,,,FashionMNIST,42
ga,19,0.0015169980582701848,32,1,64,32,64,3,0.2806225314693065,256,0.928,0.20497338466842968,0.9254,0.22370546861290933,79.04964542388916,3251914,sgd,0.0001,1.0,4.0,4.0,,,,,,,,FashionMNIST,42
ga,20,0.0015169980582701848,32,1,16,32,64,5,0.2806225314693065,256,0.9246666666666666,0.21450120166440806,0.9181,0.23073369470834731,68.52839016914368,812538,sgd,0.0001,1.0,4.0,5.0,,,,,,,,FashionMNIST,42
ga,21,0.0015169980582701848,256,3,64,32,64,3,0.2806225314693065,256,0.9321666666666667,0.18445260111490885,0.9276,0.20059923647642136,35.52090001106262,271626,adamw,0.0001,1.0,5.0,1.0,,,,,,,,FashionMNIST,42
ga,22,0.0015169980582701848,256,3,64,32,64,3,0.2806225314693065,256,0.9321666666666667,0.18445260111490885,0.9276,0.20059923647642136,35.937745094299316,271626,adamw,0.0001,1.0,5.0,2.0,,,,,,,,FashionMNIST,42
ga,23,0.0015169980582701848,64,2,64,32,64,3,0.2806225314693065,256,0.9366666666666666,0.1755532695055008,0.9318,0.19595030930042268,51.88635015487671,469898,adamw,1e-05,1.0,5.0,3.0,,,,,,,,FashionMNIST,42
ga,24,0.0015169980582701848,64,3,64,32,128,5,0.3622925005465258,256,0.9306666666666666,0.18621035611629486,0.9221,0.2167507715702057,74.96961665153503,991882,adamw,0.0001,1.0,5.0,4.0,,,,,,,,FashionMNIST,42
ga,25,0.0015169980582701848,64,3,64,32,64,3,0.2806225314693065,256,0.9306666666666666,0.18995074464877446,0.9231,0.21269115722179413,64.66905212402344,271626,adamw,0.0001,1.0,5.0,5.0,,,,,,,,FashionMNIST,42
ga,26,0.0015169980582701848,64,2,64,32,64,3,0.2806225314693065,256,0.9366666666666666,0.1755532695055008,0.9318,0.19595030930042268,55.82354211807251,469898,adamw,1e-05,1.0,6.0,1.0,,,,,,,,FashionMNIST,42
ga,27,0.0015169980582701848,64,2,64,32,64,3,0.2806225314693065,256,0.9366666666666666,0.1755532695055008,0.9318,0.19595030930042268,58.56716060638428,469898,adamw,1e-05,1.0,6.0,2.0,,,,,,,,FashionMNIST,42
ga,28,0.0015169980582701848,64,2,64,32,64,3,0.2806225314693065,256,0.9366666666666666,0.1755532695055008,0.9318,0.19595030930042268,57.903014183044434,469898,adamw,1e-05,1.0,6.0,3.0,,,,,,,,FashionMNIST,42
ga,29,0.0015169980582701848,64,3,64,64,64,3,0.2806225314693065,256,0.923,0.21089716132481892,0.9188,0.22402931344509125,68.74241662025452,336330,sgd,1e-05,1.0,6.0,4.0,,,,,,,,FashionMNIST,42
ga,30,0.0015169980582701848,256,3,64,128,64,5,0.2806225314693065,256,0.9325,0.18007019738356272,0.9279,0.2017767012000084,86.47832131385803,1177418,adamw,1e-05,1.0,6.0,5.0,,,,,,,,FashionMNIST,42
ga,31,0.0015169980582701848,64,2,64,32,64,3,0.2806225314693065,256,0.9366666666666666,0.1755532695055008,0.9318,0.19595030930042268,57.19919562339783,469898,adamw,1e-05,1.0,7.0,1.0,,,,,,,,FashionMNIST,42
ga,32,0.009050560095791584,64,2,64,128,128,3,0.2806225314693065,256,0.9211666666666667,0.22016936790943145,0.918,0.2392353480696678,66.42899203300476,1868234,adamw,1e-05,1.0,7.0,2.0,,,,,,,,FashionMNIST,42
ga,33,0.0015169980582701848,64,2,64,32,64,3,0.2806225314693065,256,0.9366666666666666,0.1755532695055008,0.9318,0.19595030930042268,58.9259467124939,469898,adamw,1e-05,1.0,7.0,3.0,,,,,,,,FashionMNIST,42
ga,34,0.0015169980582701848,64,2,64,32,64,3,0.23416569442634766,256,0.9363333333333334,0.18188987600803375,0.93,0.2014545934200287,58.13117074966431,469898,adamw,1e-05,1.0,7.0,4.0,,,,,,,,FashionMNIST,42
ga,35,0.0015169980582701848,64,2,64,32,64,3,0.2806225314693065,256,0.9366666666666666,0.1755532695055008,0.9318,0.19595030930042268,59.152909994125366,469898,adamw,1e-05,1.0,7.0,5.0,,,,,,,,FashionMNIST,42
ga,36,0.0015169980582701848,64,2,64,32,64,3,0.2806225314693065,256,0.9366666666666666,0.1755532695055008,0.9318,0.19595030930042268,59.21858215332031,469898,adamw,1e-05,1.0,8.0,1.0,,,,,,,,FashionMNIST,42
ga,37,0.0015169980582701848,64,2,64,32,256,3,0.4065264905605295,256,0.9261666666666667,0.19779905577500662,0.9262,0.20483850030899048,50.165488958358765,469514,adamw,1e-05,0.0,8.0,2.0,,,,,,,,FashionMNIST,42
ga,38,0.009935128993520713,64,2,64,32,64,3,0.2806225314693065,256,0.9166666666666666,0.2346881893078486,0.9082,0.26100821534991264,58.87863278388977,469898,adamw,0.0001,1.0,8.0,3.0,,,,,,,,FashionMNIST,42
ga,39,0.0015169980582701848,64,2,64,32,64,5,0.2806225314693065,256,0.9318333333333333,0.1885118331313133,0.9273,0.20165681307315828,63.70877718925476,585610,adam,1e-05,1.0,8.0,4.0,,,,,,,,FashionMNIST,42
ga,40,0.0015169980582701848,64,3,64,32,64,3,0.2806225314693065,64,0.9165,0.22556668603420257,0.9146,0.23938840515613555,59.18928003311157,158282,adamw,0.0001,0.0,8.0,5.0,,,,,,,,FashionMNIST,42
ga,41,0.0015169980582701848,64,2,64,32,64,3,0.2806225314693065,256,0.9366666666666666,0.1755532695055008,0.9318,0.19595030930042268,56.503241777420044,469898,adamw,1e-05,1.0,9.0,1.0,,,,,,,,FashionMNIST,42
ga,42,0.0015169980582701848,32,2,64,32,64,5,0.38208044788062384,256,0.924,0.20733391974369686,0.919,0.22059019465446472,96.5293481349945,585610,sgd,1e-06,1.0,9.0,2.0,,,,,,,,FashionMNIST,42
ga,43,0.0015169980582701848,32,2,64,32,64,3,0.16653431124656598,256,0.939,0.17354551252598563,0.9327,0.18898675643503665,96.88165783882141,469898,adam,1e-05,1.0,9.0,3.0,,,,,,,,FashionMNIST,42
ga,44,0.0015169980582701848,64,2,64,32,64,3,0.4065264905605295,256,0.9261666666666667,0.19779905577500662,0.9262,0.20483850030899048,48.525638818740845,469514,adamw,1e-05,0.0,9.0,4.0,,,,,,,,FashionMNIST,42
ga,45,0.0015169980582701848,64,3,64,32,64,3,0.2806225314693065,256,0.9291666666666667,0.1867538608312607,0.9215,0.21681060066223146,65.82018303871155,271626,adamw,1e-05,1.0,9.0,5.0,,,,,,,,FashionMNIST,42
ga,46,0.0015169980582701848,32,2,64,32,64,3,0.16653431124656598,256,0.939,0.17354551252598563,0.9327,0.18898675643503665,97.38752865791321,469898,adam,1e-05,1.0,10.0,1.0,,,,,,,,FashionMNIST,42
ga,47,0.004884912370184711,32,2,64,128,64,3,0.16653431124656598,256,0.9236666666666666,0.21411055486400923,0.921,0.2313171746134758,98.28079915046692,1868234,adam,1e-05,1.0,10.0,2.0,,,,,,,,FashionMNIST,42
ga,48,0.0015169980582701848,128,2,64,32,64,3,0.2806225314693065,256,0.9383333333333334,0.17342860851685207,0.9324,0.18757152457237244,38.51578903198242,469898,adamw,1e-05,1.0,10.0,3.0,,,,,,,,FashionMNIST,42
ga,49,0.0012520119984613845,32,2,64,32,64,3,0.16653431124656598,128,0.9356666666666666,0.1777432870765527,0.9305,0.20060373366475107,96.43259477615356,267786,adam,1e-05,1.0,10.0,4.0,,,,,,,,FashionMNIST,42
ga,50,0.00018484988286996258,32,2,64,128,64,5,0.16653431124656598,256,0.9355,0.17580342456698417,0.9325,0.2083410424336791,109.1929099559784,2328010,adam,1e-05,1.0,10.0,5.0,,,,,,,,FashionMNIST,42
pso,1,0.00643032530473305,64,2,64,64,128,3,0.3249422188897616,128,0.8795,0.32226277589797975,0.877,0.3336159875869751,51.57086896896362,514250,adamw,0.001,0.0,,,1.0,1.0,,,,,,FashionMNIST,42
pso,2,0.009576409414847133,64,3,64,64,128,3,0.4308534501553886,256,0.596,1.0295405491193135,0.5973,1.0352661776542664,59.414823055267334,630602,adam,0.0001,0.0,,,1.0,2.0,,,,,,FashionMNIST,42
pso,3,0.006393275998217563,128,2,32,32,64,3,0.2784748718873231,256,0.8983333333333333,0.27101654052734375,0.8921,0.28072650666236876,34.70912480354309,432298,adam,0.0001,0.0,,,1.0,3.0,,,,,,FashionMNIST,42
pso,4,0.008776039502079423,128,3,32,64,128,3,0.4987688032475551,64,0.10216666666666667,2.302711587270101,0.1,2.302895122909546,36.166003704071045,360874,adam,0.001,0.0,,,1.0,4.0,,,,,,FashionMNIST,42
pso,5,0.009961601664376958,256,1,32,64,64,3,0.43792647018909703,128,0.9081666666666667,0.26886408038934073,0.9057,0.2785934606313705,25.310447216033936,813930,adamw,0.0001,1.0,,,1.0,5.0,,,,,,FashionMNIST,42
pso,6,0.008629034838395307,256,2,32,32,128,3,0.4104520254866539,128,0.9163333333333333,0.23451467764377593,0.9098,0.25078617396354674,28.102160215377808,230442,adamw,0.0001,1.0,,,2.0,1.0,,,,,,FashionMNIST,42
pso,7,0.009472303995174158,256,2,64,64,128,3,0.4386045032813571,128,0.9131666666666667,0.24611618689695994,0.907,0.2693712244272232,38.40526843070984,514762,adamw,0.0001,1.0,,,2.0,2.0,,,,,,FashionMNIST,42
pso,8,0.006914131046883858,256,1,32,64,64,3,0.3149371997415712,256,0.8925,0.3021303824186325,0.8849,0.3182896750688553,26.683910608291626,1618026,sgd,0.0001,0.0,,,2.0,3.0,,,,,,FashionMNIST,42
pso,9,0.01,256,3,64,32,128,3,0.4940843720037228,128,0.8833333333333333,0.3250746911366781,0.8803,0.3365050447463989,39.93831920623779,399626,adamw,0.0001,1.0,,,2.0,4.0,,,,,,FashionMNIST,42
pso,10,0.01,256,1,32,64,64,3,0.42136370374167337,128,0.9053333333333333,0.27680310718218487,0.9002,0.28547223381996156,28.746522188186646,813930,adamw,0.0001,1.0,,,2.0,5.0,,,,,,FashionMNIST,42
pso,11,0.01,256,1,32,32,128,3,0.47030889010447846,256,0.9196666666666666,0.2166362529794375,0.9152,0.23148646144866944,27.7586612701416,1618154,sgd,0.0001,1.0,,,3.0,1.0,,,,,,FashionMNIST,42
pso,12,0.00850951992232005,256,1,32,32,128,3,0.41848905305697115,128,0.9048333333333334,0.2650849408308665,0.9013,0.28086031427383423,28.030519247055054,813930,adamw,0.0001,1.0,,,3.0,2.0,,,,,,FashionMNIST,42
pso,13,0.0076595171591908266,256,1,32,64,128,3,0.3782713629858094,128,0.912,0.24837475637594858,0.9096,0.2532801648736,26.39511227607727,813802,adamw,0.0001,0.0,,,3.0,3.0,,,,,,FashionMNIST,42
pso,14,0.01,256,2,64,32,64,3,0.374035795044661,256,0.9155,0.22235260005791982,0.9102,0.23979632697105407,34.70159649848938,469898,adamw,0.0001,1.0,,,3.0,4.0,,,,,,FashionMNIST,42
pso,15,0.008336167429245252,256,1,32,32,64,3,0.42536907658488704,128,0.9095,0.25167610148588815,0.9035,0.26814311230182647,24.58225417137146,813930,adamw,0.0001,1.0,,,3.0,5.0,,,,,,FashionMNIST,42
pso,16,0.01,256,1,16,32,128,5,0.5,256,0.9085,0.23546515281995137,0.9087,0.2470369700074196,26.7926344871521,812538,sgd,1e-06,1.0,,,4.0,1.0,,,,,,FashionMNIST,42
pso,17,0.009077710380517466,256,2,32,32,64,3,0.46030620384916143,128,0.9156666666666666,0.23273870464166005,0.9092,0.25015770077705385,28.234424591064453,230442,adamw,0.0001,1.0,,,4.0,2.0,,,,,,FashionMNIST,42
pso,18,0.009358040978146808,256,2,32,32,128,5,0.5,128,0.9051666666666667,0.26891377890110013,0.9026,0.2691802651166916,31.082132577896118,280106,adamw,0.0001,1.0,,,4.0,3.0,,,,,,FashionMNIST,42
pso,19,0.01,256,1,32,32,64,5,0.3628966255427075,256,0.914,0.23200246206919353,0.9056,0.2666077441573143,29.594697952270508,1635050,adamw,1e-05,1.0,,,4.0,4.0,,,,,,FashionMNIST,42
pso,20,0.008472518041284254,256,1,32,32,128,3,0.46475010277698475,128,0.9148333333333334,0.2321683759689331,0.9073,0.2476656999230385,25.713497400283813,813930,sgd,0.0001,1.0,,,4.0,5.0,,,,,,FashionMNIST,42
pso,21,0.01,256,2,32,32,128,5,0.4841130603165712,256,0.9115,0.23625228476524354,0.9069,0.25322094004154205,31.48478412628174,482218,sgd,1e-06,1.0,,,5.0,1.0,,,,,,FashionMNIST,42
pso,22,0.01,256,2,32,32,128,5,0.497671668648461,256,0.908,0.2432440128326416,0.9056,0.25748846306800843,31.587454080581665,482218,sgd,1e-06,1.0,,,5.0,2.0,,,,,,FashionMNIST,42
pso,23,0.01,256,2,32,32,128,5,0.5,256,0.8996666666666666,0.27886961205800376,0.8949,0.28335738558769225,31.820375204086304,482218,adamw,0.0001,1.0,,,5.0,3.0,,,,,,FashionMNIST,42
pso,24,0.01,256,1,32,32,64,3,0.5,256,0.9058333333333334,0.26122734959920246,0.9027,0.27614747705459597,26.68074131011963,1618154,adamw,0.0001,1.0,,,5.0,4.0,,,,,,FashionMNIST,42
pso,25,0.009675764041110074,256,1,32,32,128,3,0.4938330347518553,256,0.9185,0.2196486845413844,0.914,0.2365219225883484,26.785940647125244,1618154,sgd,1e-05,1.0,,,5.0,5.0,,,,,,FashionMNIST,42
pso,26,0.01,256,1,32,32,128,5,0.4531882068931515,256,0.9176666666666666,0.22359411513805388,0.9119,0.2370322755098343,27.593391180038452,1635050,sgd,0.0001,1.0,,,6.0,1.0,,,,,,FashionMNIST,42
pso,27,0.01,256,1,32,32,128,5,0.48263130506350344,128,0.9068333333333334,0.2666072458823522,0.9026,0.2779200481891632,26.044699668884277,830826,adamw,0.0001,1.0,,,6.0,2.0,,,,,,FashionMNIST,42
pso,28,0.009250721069219568,256,1,32,32,128,5,0.3674552233239005,256,0.9108333333333334,0.24172690955797832,0.8992,0.26571000916957854,26.967693567276,1635050,adamw,0.0001,1.0,,,6.0,3.0,,,,,,FashionMNIST,42
pso,29,0.01,256,2,64,32,64,3,0.47896643988853593,128,0.9035,0.28040228712558746,0.8994,0.28722539739608766,34.64346981048584,267786,adamw,0.0001,1.0,,,6.0,4.0,,,,,,FashionMNIST,42
pso,30,0.01,256,1,16,32,128,3,0.4895001325042485,256,0.9143333333333333,0.23124413001537322,0.9098,0.24419222576618194,27.059512615203857,808186,sgd,1e-06,1.0,,,6.0,5.0,,,,,,FashionMNIST,42
pso,31,0.01,256,1,32,32,128,5,0.46287459626338473,128,0.9123333333333333,0.23079859093825023,0.9108,0.24315949151515961,27.837059259414673,830826,sgd,0.0001,1.0,,,7.0,1.0,,,,,,FashionMNIST,42
pso,32,0.009712935020868627,256,1,32,32,128,5,0.45913435863940305,128,0.9068333333333334,0.2683620084921519,0.8985,0.2861822677373886,26.996407508850098,830826,adamw,0.0001,1.0,,,7.0,2.0,,,,,,FashionMNIST,42
pso,33,0.009530142938211042,256,1,32,64,128,3,0.3648092311426855,256,0.9106666666666666,0.24085837546984354,0.9078,0.25443154690265657,24.02464461326599,1618026,adamw,0.0001,0.0,,,7.0,3.0,,,,,,FashionMNIST,42
pso,34,0.01,256,2,32,32,128,3,0.3749906452719138,256,0.9151666666666667,0.24304013911883035,0.9131,0.2481295142650604,28.545493602752686,432554,adamw,0.0001,1.0,,,7.0,4.0,,,,,,FashionMNIST,42
pso,35,0.01,256,1,32,32,128,5,0.47947373828303835,256,0.9166666666666666,0.22718172776699067,0.9131,0.23657216262817382,27.542170763015747,1635050,sgd,1e-05,1.0,,,7.0,5.0,,,,,,FashionMNIST,42
pso,36,0.01,256,2,32,32,128,5,0.49104749120723845,256,0.9088333333333334,0.23559618890285491,0.909,0.24923810653686523,31.21587061882019,482218,sgd,0.0001,1.0,,,8.0,1.0,,,,,,FashionMNIST,42
pso,37,0.009810985001489143,256,1,32,32,128,3,0.4506677651900323,128,0.8986666666666666,0.3012455521027247,0.8962,0.30974141085147855,28.47050380706787,813930,adamw,0.0001,1.0,,,8.0,2.0,,,,,,FashionMNIST,42
pso,38,0.009170214370806947,256,2,32,64,128,3,0.48686939464421874,256,0.9075,0.27050428318977354,0.9031,0.2834735469341278,28.066954374313354,871018,adamw,0.0001,1.0,,,8.0,3.0,,,,,,FashionMNIST,42
pso,39,0.01,256,1,32,32,64,3,0.3844421456732903,256,0.9143333333333333,0.23752331312497457,0.9101,0.25099744856357575,26.115662574768066,1618154,adamw,0.0001,1.0,,,8.0,4.0,,,,,,FashionMNIST,42
pso,40,0.01,256,1,32,32,128,3,0.4745825932244571,256,0.9073333333333333,0.2478936378955841,0.9011,0.2763286256790161,27.72206139564514,1618154,adamw,0.0001,1.0,,,8.0,5.0,,,,,,FashionMNIST,42
pso,41,0.01,256,2,32,32,128,3,0.4886667881099561,256,0.9131666666666667,0.23277519504229227,0.9065,0.25105332548618314,29.427382946014404,432554,sgd,1e-05,1.0,,,9.0,1.0,,,,,,FashionMNIST,42
pso,42,0.009352841139376957,256,2,32,32,64,3,0.4836869574777834,256,0.91,0.23555509956677756,0.908,0.2502030821800232,29.122238636016846,432554,sgd,0.0001,1.0,,,9.0,2.0,,,,,,FashionMNIST,42
pso,43,0.007562559220545508,256,2,32,32,128,3,0.4224790238967685,256,0.9131666666666667,0.23644234160582225,0.9093,0.2501723608970642,28.180530548095703,432554,sgd,0.0001,1.0,,,9.0,3.0,,,,,,FashionMNIST,42
pso,44,0.01,256,1,32,32,64,3,0.4542503965714925,256,0.9101666666666667,0.24721573710441588,0.9035,0.2651042952299118,25.43165683746338,1618154,adamw,0.0001,1.0,,,9.0,4.0,,,,,,FashionMNIST,42
pso,45,0.009846148474933966,256,1,32,32,128,3,0.48357040425383774,256,0.9173333333333333,0.22002406746149064,0.9145,0.23618396439552308,26.53114366531372,1618154,sgd,0.0001,1.0,,,9.0,5.0,,,,,,FashionMNIST,42
pso,46,0.01,256,2,32,32,128,3,0.4639971035551929,256,0.9105,0.23124174475669862,0.9107,0.24557699749469758,28.52747368812561,432554,sgd,1e-05,1.0,,,10.0,1.0,,,,,,FashionMNIST,42
pso,47,0.009565191312167275,256,2,32,32,128,3,0.47046746310734056,128,0.9088333333333334,0.24417034256458284,0.9066,0.25912677195072176,29.246997356414795,230442,adamw,0.0001,1.0,,,10.0,2.0,,,,,,FashionMNIST,42
pso,48,0.007096830851962075,256,2,32,32,128,3,0.401863278171713,256,0.9123333333333333,0.23167762311299642,0.9077,0.2547468428850174,27.23073387145996,432554,sgd,1e-05,1.0,,,10.0,3.0,,,,,,FashionMNIST,42
pso,49,0.01,256,2,64,32,64,3,0.4699937123951413,256,0.9101666666666667,0.24920559334754944,0.9058,0.26348083758354185,34.78629469871521,469898,adamw,0.0001,1.0,,,10.0,4.0,,,,,,FashionMNIST,42
pso,50,0.009781292161419744,256,1,32,32,128,3,0.49247497895851855,256,0.9198333333333333,0.21615749871730805,0.9148,0.23179230690002442,26.9024875164032,1618154,sgd,1e-05,1.0,,,10.0,5.0,,,,,,FashionMNIST,42
aco,1,0.0001,128,1,16,32,256,5,0.1,256,0.8955,0.29315939990679424,0.8868,0.30742307765483856,31.281142234802246,812474,adam,0.0001,0.0,,,,,1.0,1.0,,,,FashionMNIST,42
aco,2,0.01,32,1,32,64,64,5,0.1,256,0.9051666666666667,0.28003641351064046,0.9036,0.28919578317403793,78.32858085632324,1635050,adam,1e-06,1.0,,,,,1.0,2.0,,,,FashionMNIST,42
aco,3,0.01,256,2,16,32,256,5,0.1,256,0.92,0.21742444036404293,0.9184,0.22630462193489076,26.48650598526001,449722,adamw,0.0001,1.0,,,,,1.0,3.0,,,,FashionMNIST,42
aco,4,0.0001,256,2,64,64,256,3,0.0,64,0.8768333333333334,0.3477111411889394,0.8707,0.35739001712799073,29.458704233169556,312842,adam,1e-05,0.0,,,,,1.0,4.0,,,,FashionMNIST,42
aco,5,0.01,128,2,32,32,64,5,0.0,128,0.9053333333333333,0.25741916211446125,0.9001,0.2713429946303368,30.773196935653687,279850,sgd,1e-05,0.0,,,,,1.0,5.0,,,,FashionMNIST,42
aco,6,0.001,256,2,32,64,256,5,0.0,128,0.9135,0.2358917059103648,0.9105,0.2455297836303711,31.324605464935303,583018,adam,0.001,0.0,,,,,2.0,1.0,,,,FashionMNIST,42
aco,7,0.001,256,2,32,32,256,5,0.1,128,0.9048333333333334,0.26056033515930177,0.9012,0.2723485868453979,30.633068323135376,280106,sgd,0.001,1.0,,,,,2.0,2.0,,,,FashionMNIST,42
aco,8,0.01,128,2,64,32,64,3,0.0,64,0.924,0.2154868615070979,0.9212,0.23524777994155885,38.675010681152344,166730,adamw,1e-05,1.0,,,,,2.0,3.0,,,,FashionMNIST,42
aco,9,0.01,256,2,64,128,64,5,0.0,256,0.9026666666666666,0.2684608593384425,0.8942,0.2826872355103493,71.88731575012207,2327242,sgd,1e-05,0.0,,,,,2.0,4.0,,,,FashionMNIST,42
aco,10,0.01,128,3,64,32,128,3,0.25,256,0.8395,0.4380850252310435,0.8337,0.45116206922531127,40.45937776565552,547594,adamw,1e-06,0.0,,,,,2.0,5.0,,,,FashionMNIST,42
aco,11,0.01,256,2,64,32,64,3,0.0,64,0.9203333333333333,0.2212103858788808,0.9157,0.24341168344020844,34.414992809295654,166730,adamw,1e-06,1.0,,,,,3.0,1.0,,,,FashionMNIST,42
aco,12,0.01,256,3,16,32,64,5,0.0,256,0.102,2.302561145782471,0.1,2.302755110168457,27.83043909072876,349306,adam,0.001,0.0,,,,,3.0,2.0,,,,FashionMNIST,42
aco,13,0.01,128,2,32,64,64,3,0.0,256,0.9141666666666667,0.2700899253288905,0.9055,0.2777681229829788,34.208627462387085,870634,adamw,1e-05,0.0,,,,,3.0,3.0,,,,FashionMNIST,42
aco,14,0.0001,128,2,16,32,64,5,0.0,64,0.91,0.24733488380908966,0.908,0.262890767121315,34.96996784210205,146554,adamw,0.0001,1.0,,,,,3.0,4.0,,,,FashionMNIST,42
aco,15,0.01,64,2,64,32,128,5,0.0,256,0.8738333333333334,0.35533656883239745,0.8588,0.3881763503551483,58.376720905303955,585226,adam,1e-05,0.0,,,,,3.0,5.0,,,,FashionMNIST,42
aco,16,0.01,256,2,64,32,64,3,0.0,256,0.9001666666666667,0.2689754206339518,0.895,0.28346790614128115,29.919674158096313,469514,sgd,1e-05,0.0,,,,,4.0,1.0,,,,FashionMNIST,42
aco,17,0.01,128,3,32,64,64,3,0.25,256,0.9261666666666667,0.2113114018837611,0.9183,0.22258697014451026,42.0386688709259,289770,adamw,1e-06,1.0,,,,,4.0,2.0,,,,FashionMNIST,42
aco,18,0.01,128,2,32,32,64,5,0.5,64,0.8305,0.4565078264872233,0.8215,0.48073441243171694,36.607571601867676,178794,adamw,0.001,0.0,,,,,4.0,3.0,,,,FashionMNIST,42
aco,19,0.01,128,2,16,32,256,5,0.0,128,0.8881666666666667,0.3171525866587957,0.8789,0.3451840574979782,35.632055044174194,247418,adamw,0.001,0.0,,,,,4.0,4.0,,,,FashionMNIST,42
aco,20,0.001,128,3,16,32,64,5,0.0,64,0.9238333333333333,0.2155723290046056,0.9208,0.2595600058555603,42.58287525177002,237050,adam,1e-05,1.0,,,,,4.0,5.0,,,,FashionMNIST,42
aco,21,0.001,128,2,32,64,64,5,0.0,64,0.9216666666666666,0.2226299597620964,0.9163,0.2393116707801819,41.3700909614563,381994,sgd,0.0001,1.0,,,,,5.0,1.0,,,,FashionMNIST,42
aco,22,0.01,64,2,64,128,64,3,0.0,64,0.9168333333333333,0.23241907703876497,0.9152,0.24592054276466369,63.247477769851685,661898,adamw,1e-06,1.0,,,,,5.0,2.0,,,,FashionMNIST,42
aco,23,0.01,256,3,32,128,64,3,0.0,256,0.9266666666666666,0.2243235920468966,0.9228,0.24273307614326478,39.34187126159668,456042,sgd,1e-06,1.0,,,,,5.0,3.0,,,,FashionMNIST,42
aco,24,0.01,64,2,32,64,64,3,0.25,256,0.9175,0.23401002522309622,0.9101,0.2492129415512085,53.47641587257385,871018,adam,1e-06,1.0,,,,,5.0,4.0,,,,FashionMNIST,42
aco,25,0.0001,128,2,16,64,64,3,0.0,256,0.9188333333333333,0.2255932337641716,0.9106,0.24825024423599243,36.4609260559082,854650,adamw,0.001,1.0,,,,,5.0,5.0,,,,FashionMNIST,42
aco,26,0.01,256,2,64,64,64,3,0.25,64,0.9181666666666667,0.2394075076977412,0.9161,0.24791587238311769,39.772998094558716,313354,adamw,1e-06,1.0,,,,,6.0,1.0,,,,FashionMNIST,42
aco,27,0.01,128,2,32,128,64,5,0.25,64,0.9116666666666666,0.2641366609334946,0.9045,0.28256602125167846,57.318671226501465,941482,adamw,0.0001,1.0,,,,,6.0,2.0,,,,FashionMNIST,42
aco,28,0.001,32,3,32,128,128,5,0.25,256,0.9303333333333333,0.19137264644602933,0.9249,0.21391516789197923,125.23155689239502,1657066,sgd,0.0001,1.0,,,,,6.0,3.0,,,,FashionMNIST,42
aco,29,0.01,128,3,32,32,128,3,0.5,64,0.8853333333333333,0.32673485255241397,0.8821,0.3303274961948395,40.94274663925171,287850,adam,1e-06,1.0,,,,,6.0,4.0,,,,FashionMNIST,42
aco,30,0.001,128,2,64,64,256,3,0.0,256,0.9361666666666667,0.18683948288361232,0.9333,0.20202624287605286,42.589462995529175,917578,adam,1e-05,1.0,,,,,6.0,5.0,,,,FashionMNIST,42
aco,31,0.01,256,2,32,64,64,5,0.0,64,0.9025,0.282719465692838,0.8958,0.3136375959157944,32.250816345214844,381610,adamw,0.0001,0.0,,,,,7.0,1.0,,,,FashionMNIST,42
aco,32,0.001,256,3,32,32,128,3,0.0,64,0.9255,0.21592409610748292,0.9224,0.253431031370163,29.40090036392212,287850,adamw,1e-05,1.0,,,,,7.0,2.0,,,,FashionMNIST,42
aco,33,0.01,128,2,16,64,256,5,0.0,256,0.9286666666666666,0.2079613862435023,0.9212,0.23507855532169342,33.67083692550659,940922,sgd,1e-05,1.0,,,,,7.0,3.0,,,,FashionMNIST,42
aco,34,0.001,128,2,32,64,64,3,0.0,256,0.9375,0.19093928305308025,0.9323,0.23113104057312012,33.74264121055603,871018,adamw,1e-05,1.0,,,,,7.0,4.0,,,,FashionMNIST,42
aco,35,0.001,128,2,64,128,128,3,0.25,64,0.9308333333333333,0.18708377778530122,0.9278,0.2002853919327259,52.8003044128418,661898,adam,1e-06,1.0,,,,,7.0,5.0,,,,FashionMNIST,42
aco,36,0.01,128,2,32,128,64,3,0.0,256,0.9265,0.2161239675283432,0.9199,0.2301645584821701,42.286760330200195,1803242,adam,1e-05,1.0,,,,,8.0,1.0,,,,FashionMNIST,42
aco,37,0.01,128,3,32,32,64,5,0.0,256,0.9166666666666666,0.22617277872562408,0.9146,0.24416041226387025,45.67848992347717,382250,adamw,0.001,1.0,,,,,8.0,2.0,,,,FashionMNIST,42
aco,38,0.001,256,2,64,64,256,3,0.0,256,0.9338333333333333,0.18469373953342438,0.9309,0.21476995906829835,38.64716911315918,917578,adamw,1e-05,1.0,,,,,8.0,3.0,,,,FashionMNIST,42
aco,39,0.001,128,2,32,64,64,3,0.0,64,0.9313333333333333,0.20624354926745098,0.9275,0.22851672024726868,41.41180968284607,266794,adam,1e-05,1.0,,,,,8.0,4.0,,,,FashionMNIST,42
aco,40,0.01,128,2,32,64,64,3,0.25,128,0.922,0.2141331777969996,0.9134,0.2367252130508423,37.63774490356445,468202,adamw,0.0001,1.0,,,,,8.0,5.0,,,,FashionMNIST,42
aco,41,0.001,128,1,32,64,256,5,0.0,128,0.9238333333333333,0.22043300066391627,0.9191,0.2442251492857933,33.58290195465088,830826,adamw,1e-06,1.0,,,,,9.0,1.0,,,,FashionMNIST,42
aco,42,0.001,128,2,32,64,64,3,0.0,256,0.9328333333333333,0.1938703596194585,0.9295,0.23501725525856018,36.10211801528931,871018,adam,1e-05,1.0,,,,,9.0,2.0,,,,FashionMNIST,42
aco,43,0.001,32,2,32,64,64,3,0.25,64,0.9296666666666666,0.19171074689924716,0.923,0.20822408311367036,93.77866721153259,266794,adam,0.0001,1.0,,,,,9.0,3.0,,,,FashionMNIST,42
aco,44,0.01,128,2,16,64,256,3,0.25,256,0.921,0.21908930838108062,0.9165,0.23362572369575502,32.38059163093567,854650,adamw,1e-06,1.0,,,,,9.0,4.0,,,,FashionMNIST,42
aco,45,0.001,32,2,32,64,128,3,0.25,256,0.9383333333333334,0.17422292198613287,0.9333,0.1955152510523796,85.96454644203186,871018,adamw,1e-06,1.0,,,,,9.0,5.0,,,,FashionMNIST,42
aco,46,0.001,256,3,32,32,64,3,0.25,256,0.9298333333333333,0.19513170409202577,0.9247,0.21019911913871764,27.598537921905518,234282,adam,1e-05,1.0,,,,,10.0,1.0,,,,FashionMNIST,42
aco,47,0.001,32,2,64,64,64,5,0.0,256,0.9338333333333333,0.18372302437822025,0.9279,0.25535574839785696,89.74224066734314,1115210,adam,1e-05,1.0,,,,,10.0,2.0,,,,FashionMNIST,42
aco,48,0.01,256,3,32,128,128,5,0.0,256,0.9261666666666667,0.21927692806720733,0.9231,0.27913355760574343,66.87134432792664,1657066,sgd,1e-05,1.0,,,,,10.0,3.0,,,,FashionMNIST,42
aco,49,0.001,128,2,32,64,64,5,0.0,256,0.9336666666666666,0.18853455191850663,0.9296,0.20861517214775085,41.42446565628052,986218,adam,1e-05,1.0,,,,,10.0,4.0,,,,FashionMNIST,42
aco,50,0.001,128,2,64,64,64,5,0.0,128,0.9313333333333333,0.20217391616106034,0.9286,0.21304807620048524,62.61697602272034,712394,adamw,0.0001,1.0,,,,,10.0,5.0,,,,FashionMNIST,42
harmony_search,1,0.0019004375238737116,32,3,32,32,64,3,0.3682356070820062,256,0.8985,0.2753355806668599,0.8953,0.2861878964662552,87.3145842552185,233770,adamw,0.0001,0.0,,,,,,,init,1.0,,FashionMNIST,42
harmony_search,2,0.0015169980582701848,32,1,16,32,64,3,0.2806225314693065,256,0.9306666666666666,0.20788506745547056,0.9252,0.23271227786242962,65.48509359359741,808186,adamw,0.0001,1.0,,,,,,,init,2.0,,FashionMNIST,42
harmony_search,3,0.00027598230915285764,128,1,16,128,128,5,0.13893567083582092,64,0.8851666666666667,0.3250237904787064,0.8792,0.3306558903455734,27.735045433044434,208314,sgd,1e-06,1.0,,,,,,,init,3.0,,FashionMNIST,42
harmony_search,4,0.0001561107296769821,128,3,32,32,256,5,0.26811404572735037,128,0.9283333333333333,0.20070637174447378,0.9189,0.22350158734321593,58.99796533584595,2219050,adam,1e-05,1.0,,,,,,,init,4.0,,FashionMNIST,42
harmony_search,5,0.001427921361121902,32,1,64,32,128,3,0.42765886050757346,64,0.9166666666666666,0.22999703574180602,0.9151,0.24135410755872727,64.55112218856812,841354,sgd,1e-05,1.0,,,,,,,init,5.0,,FashionMNIST,42
harmony_search,6,0.00027598230915285764,128,1,16,32,64,5,0.2806225314693065,64,0.8808333333333334,0.336087292432785,0.8786,0.34084502635002134,26.977426052093506,208314,sgd,1e-05,1.0,,,,,,,main,,1.0,FashionMNIST,42
harmony_search,7,0.0015169980582701848,128,3,32,32,64,3,0.42765886050757346,64,0.8951666666666667,0.2858383948802948,0.8912,0.29016801681518556,33.98270654678345,121066,adam,0.0001,0.0,,,,,,,main,,2.0,FashionMNIST,42
harmony_search,8,0.0001561107296769821,128,3,16,32,256,3,0.2806225314693065,64,0.10033333333333333,2.3030939388275145,0.1,2.3044975421905516,34.609007120132446,828602,sgd,1e-05,0.0,,,,,,,main,,3.0,FashionMNIST,42
harmony_search,9,0.0019004375238737116,32,3,32,32,64,3,0.2806225314693065,64,0.9041666666666667,0.2590882401963075,0.894,0.28591493929624556,85.3643536567688,121066,adamw,1e-05,0.0,,,,,,,main,,4.0,FashionMNIST,42
harmony_search,10,0.0022532106319453774,32,3,32,32,128,3,0.030306337038506825,256,0.9115,0.24033397587637106,0.908,0.260181679713726,81.94603729248047,510378,adam,1e-05,0.0,,,,,,,main,,5.0,FashionMNIST,42
harmony_search,11,0.0022532106319453774,128,1,64,32,128,3,0.42765886050757346,64,0.9261666666666667,0.20979293062289556,0.9239,0.22181532061100007,28.951698541641235,841098,adam,1e-05,0.0,,,,,,,main,,6.0,FashionMNIST,42
harmony_search,12,0.0015169980582701848,64,1,16,32,128,3,0.228612286285226,64,0.8733333333333333,0.34008833305041,0.8676,0.35634981610774996,37.30639886856079,203898,sgd,1e-05,0.0,,,,,,,main,,7.0,FashionMNIST,42
harmony_search,13,0.001427921361121902,32,3,64,32,128,3,0.030306337038506825,256,0.9341666666666667,0.1890380208839973,0.928,0.23124945911318065,98.59918236732483,548490,adamw,1e-05,1.0,,,,,,,main,,8.0,FashionMNIST,42
harmony_search,14,0.001427921361121902,32,1,32,64,64,3,0.42765886050757346,64,0.8875,0.30075880231459934,0.8819,0.316307832300663,57.982292890548706,411690,sgd,1e-05,0.0,,,,,,,main,,9.0,FashionMNIST,42
harmony_search,15,0.0001561107296769821,128,1,32,32,128,3,0.2806225314693065,64,0.9181666666666667,0.2211376930475235,0.9185,0.22766513793468476,28.976013898849487,411818,adam,1e-05,1.0,,,,,,,main,,10.0,FashionMNIST,42
harmony_search,16,0.001427921361121902,128,3,32,32,64,3,0.030306337038506825,256,0.9313333333333333,0.19504859270652136,0.9256,0.23180801718235017,34.036518573760986,234282,adam,1e-05,1.0,,,,,,,main,,11.0,FashionMNIST,42
harmony_search,17,0.0015169980582701848,128,3,16,32,64,3,0.030306337038506825,256,0.9135,0.24617549955844878,0.9074,0.2699117801785469,32.023016691207886,222074,adamw,1e-05,0.0,,,,,,,main,,12.0,FashionMNIST,42
harmony_search,18,0.0001561107296769821,128,3,16,32,128,5,0.26811404572735037,256,0.851,0.40852055978775026,0.8473,0.4100052038192749,38.54504871368408,855994,sgd,1e-05,1.0,,,,,,,main,,13.0,FashionMNIST,42
harmony_search,19,0.0015169980582701848,32,1,64,32,128,3,0.030306337038506825,256,0.9228333333333333,0.21259327987084786,0.9195,0.22732794765233993,66.31494569778442,3251658,adam,1e-05,0.0,,,,,,,main,,14.0,FashionMNIST,42
harmony_search,20,0.001427921361121902,128,1,64,32,128,3,0.26811404572735037,128,0.9255,0.20185846316814424,0.9234,0.22033701298236846,33.973294496536255,1644874,adam,0.0001,1.0,,,,,,,main,,15.0,FashionMNIST,42
harmony_search,21,0.0001561107296769821,32,1,64,32,128,3,0.121931719595478,128,0.93,0.1940927397062381,0.9256,0.2237424696058035,68.91395664215088,1644874,adamw,1e-05,1.0,,,,,,,main,,16.0,FashionMNIST,42
harmony_search,22,0.00016767294904580508,128,2,64,64,128,3,0.030306337038506825,256,0.93,0.19932964076598486,0.9315,0.203987047290802,42.136993646621704,917578,adam,0.0001,1.0,,,,,,,main,,17.0,FashionMNIST,42
harmony_search,23,0.001427921361121902,256,1,16,32,64,3,0.030306337038506825,64,0.9191666666666667,0.22557010422150295,0.9133,0.23916887648105623,24.29812502861023,203898,adam,1e-05,0.0,,,,,,,main,,18.0,FashionMNIST,42
harmony_search,24,0.001427921361121902,32,2,64,32,64,3,0.030306337038506825,256,0.9328333333333333,0.18941215928892294,0.9267,0.21656785751581192,84.78279209136963,469898,sgd,0.0001,1.0,,,,,,,main,,19.0,FashionMNIST,42
harmony_search,25,0.0015169980582701848,128,2,32,32,64,3,0.030306337038506825,256,0.9351666666666667,0.1996360980073611,0.9283,0.22114158596992492,33.590518951416016,432554,adamw,0.0001,1.0,,,,,,,main,,20.0,FashionMNIST,42
harmony_search,26,0.001427921361121902,128,1,32,32,128,3,0.030306337038506825,256,0.9236666666666666,0.2191476263801257,0.9218,0.27929621601104737,31.064777851104736,1618154,adamw,1e-06,1.0,,,,,,,main,,21.0,FashionMNIST,42
harmony_search,27,0.0015169980582701848,128,2,32,64,128,3,0.030306337038506825,256,0.9325,0.18379992147286733,0.9298,0.22232712364196777,32.71786665916443,871018,adamw,0.0001,1.0,,,,,,,main,,22.0,FashionMNIST,42
harmony_search,28,0.001427921361121902,32,3,64,32,128,3,0.05788726323922053,256,0.9338333333333333,0.18624594993889332,0.9288,0.2172903826057911,109.92967343330383,548490,adamw,0.0001,1.0,,,,,,,main,,23.0,FashionMNIST,42
harmony_search,29,0.0015169980582701848,128,2,64,32,64,3,0.030306337038506825,256,0.9363333333333334,0.18768031785885492,0.9312,0.20979228892326354,38.889949798583984,469898,adamw,1e-05,1.0,,,,,,,main,,24.0,FashionMNIST,42
harmony_search,30,0.001427921361121902,128,2,64,32,64,3,0.030306337038506825,256,0.8671666666666666,0.37072179810206096,0.8596,0.38763695137500764,32.02724003791809,469514,sgd,0.0001,0.0,,,,,,,main,,25.0,FashionMNIST,42
harmony_search,31,0.0015169980582701848,32,2,64,32,64,3,0.05788726323922053,256,0.934,0.18979447752734024,0.9299,0.2554645819477737,93.51963949203491,469898,adamw,0.0001,1.0,,,,,,,main,,26.0,FashionMNIST,42
harmony_search,32,0.001427921361121902,256,3,64,32,64,3,0.0485959993109108,256,0.9336666666666666,0.18188525130351385,0.9265,0.20964405028820038,35.97607064247131,271626,adam,0.0001,1.0,,,,,,,main,,27.0,FashionMNIST,42
harmony_search,33,0.00013715773532003528,128,3,64,32,128,3,0.030306337038506825,256,0.9305,0.19715128163496654,0.9283,0.21245818302631378,44.53832197189331,548490,adamw,1e-05,1.0,,,,,,,main,,28.0,FashionMNIST,42
harmony_search,34,0.001427921361121902,128,2,64,32,128,3,0.030306337038506825,256,0.9368333333333333,0.1940790620048841,0.9332,0.21395735778808594,41.966089963912964,469898,adamw,1e-05,1.0,,,,,,,main,,29.0,FashionMNIST,42
harmony_search,35,0.001427921361121902,128,2,64,32,128,3,0.030306337038506825,128,0.9353333333333333,0.19419563631216685,0.9276,0.2298775442123413,40.68114686012268,267786,adamw,1e-05,1.0,,,,,,,main,,30.0,FashionMNIST,42
harmony_search,36,0.0015169980582701848,32,2,32,32,128,3,0.030306337038506825,256,0.9325,0.18139713605990013,0.9277,0.2368324941083789,96.95846939086914,432554,adamw,0.0001,1.0,,,,,,,main,,31.0,FashionMNIST,42
harmony_search,37,0.001427921361121902,32,2,64,32,64,3,0.030306337038506825,256,0.9363333333333334,0.1794241929848989,0.9289,0.2277169515579939,83.00837111473083,469898,adamw,1e-06,1.0,,,,,,,main,,32.0,FashionMNIST,42
harmony_search,38,0.001427921361121902,128,2,64,32,64,3,0.030306337038506825,256,0.9368333333333333,0.1940790620048841,0.9332,0.21395735778808594,37.64282846450806,469898,adamw,1e-05,1.0,,,,,,,main,,33.0,FashionMNIST,42
harmony_search,39,0.001427921361121902,32,2,64,32,64,3,0.030306337038506825,256,0.9363333333333334,0.1794241929848989,0.9289,0.2277169515579939,87.71173310279846,469898,adamw,1e-05,1.0,,,,,,,main,,34.0,FashionMNIST,42
harmony_search,40,0.004165161403992934,128,2,64,32,64,3,0.030306337038506825,256,0.9308333333333333,0.19491440085570017,0.9258,0.238371337890625,37.75387191772461,469898,adamw,1e-06,1.0,,,,,,,main,,35.0,FashionMNIST,42
harmony_search,41,0.001427921361121902,128,2,64,32,64,3,0.4583732275285601,256,0.931,0.18992486530542374,0.9231,0.21051945993900298,37.65416240692139,469898,adamw,1e-05,1.0,,,,,,,main,,36.0,FashionMNIST,42
harmony_search,42,0.001427921361121902,128,3,64,32,64,5,0.030306337038506825,64,0.9291666666666667,0.19733636617660522,0.9289,0.2081734203219414,62.69201111793518,372938,adamw,1e-05,1.0,,,,,,,main,,37.0,FashionMNIST,42
harmony_search,43,0.0015169980582701848,128,2,64,32,128,3,0.030306337038506825,256,0.9363333333333334,0.18768031785885492,0.9312,0.20979228892326354,38.52572727203369,469898,adamw,1e-06,1.0,,,,,,,main,,38.0,FashionMNIST,42
harmony_search,44,0.0015918604168291754,128,2,64,32,64,3,0.030306337038506825,256,0.9341666666666667,0.18504764111836752,0.9329,0.22068762140274048,39.08945155143738,469898,adamw,1e-05,1.0,,,,,,,main,,39.0,FashionMNIST,42
harmony_search,45,0.001427921361121902,128,1,64,32,64,3,0.030306337038506825,256,0.9303333333333333,0.2084504162867864,0.9222,0.2488637186050415,36.5081741809845,3251914,adamw,1e-05,1.0,,,,,,,main,,40.0,FashionMNIST,42
harmony_search,46,0.0015169980582701848,32,2,64,32,64,3,0.030306337038506825,256,0.9355,0.18658390334621072,0.9252,0.20712243128418922,97.38821387290955,469898,adamw,1e-06,1.0,,,,,,,main,,41.0,FashionMNIST,42
harmony_search,47,0.001427921361121902,128,2,64,32,128,3,0.030306337038506825,256,0.9368333333333333,0.1940790620048841,0.9332,0.21395735778808594,38.850441455841064,469898,adamw,1e-05,1.0,,,,,,,main,,42.0,FashionMNIST,42
harmony_search,48,0.0015169980582701848,128,2,64,32,64,3,0.030306337038506825,256,0.9363333333333334,0.18768031785885492,0.9312,0.20979228892326354,39.623656272888184,469898,adamw,1e-05,1.0,,,,,,,main,,43.0,FashionMNIST,42
harmony_search,49,0.0015169980582701848,128,2,64,32,64,3,0.030306337038506825,256,0.9363333333333334,0.18768031785885492,0.9312,0.20979228892326354,41.1268994808197,469898,adamw,1e-05,1.0,,,,,,,main,,44.0,FashionMNIST,42
harmony_search,50,0.0008299405300744985,64,2,64,32,64,3,0.030306337038506825,256,0.9383333333333334,0.1797397272984187,0.9318,0.2278914204597473,56.87055444717407,469898,adamw,1e-05,1.0,,,,,,,main,,45.0,FashionMNIST,42
manual_search,1,0.001,64,2,32,64,128,3,0.25,128,0.7746,0.6339187834262848,0.7766,0.633766263628006,50.09821629524231,591658,,,,,,,,,,,,,CIFAR10,42
manual_search,2,0.0005,128,2,32,64,128,3,0.3,256,0.7596,0.6767760239839554,0.76,0.6990524824142456,36.82591533660889,1117354,,,,,,,,,,,,,CIFAR10,42
manual_search,3,0.001,64,3,32,64,128,3,0.35,128,0.7866,0.6222566656112671,0.7752,0.6404495397567749,60.52445912361145,551466,,,,,,,,,,,,,CIFAR10,42
manual_search,4,0.0002,128,3,64,128,256,3,0.4,256,0.798,0.5707193600654602,0.7947,0.5933864313125611,73.15401816368103,2198602,,,,,,,,,,,,,CIFAR10,42
manual_search,5,0.0008,32,1,32,64,128,5,0.2,128,0.6852,0.8826172200202942,0.6848,0.8944766783714294,68.90424728393555,1078186,,,,,,,,,,,,,CIFAR10,42
random_search,1,0.0019004375238737116,32,3,32,32,64,3,0.3682356070820062,256,0.5756,1.1692741041183472,0.5866,1.1571691120147705,77.20156645774841,349034,adamw,0.0004748306046370143,0.0,,,,,,,,,,CIFAR10,42
random_search,2,0.0015169980582701848,32,1,16,32,64,3,0.2806225314693065,256,0.684,0.9263347959518433,0.6844,0.9043421564102173,59.9468047618866,1054234,adamw,0.0001270500735408539,1.0,,,,,,,,,,CIFAR10,42
random_search,3,0.00027598230915285764,128,1,16,128,128,5,0.13893567083582092,64,0.5734,1.1913274780273437,0.5808,1.1771959867477417,23.520687580108643,270554,sgd,2.0259598275933324e-06,1.0,,,,,,,,,,CIFAR10,42
random_search,4,0.0001561107296769821,128,3,32,32,256,5,0.26811404572735037,128,0.7736,0.6554362708091735,0.7716,0.6630770080566406,65.9147253036499,2450026,adam,4.5302471291184675e-05,1.0,,,,,,,,,,CIFAR10,42
random_search,5,0.001427921361121902,32,1,64,32,128,3,0.42765886050757346,64,0.6676,0.9556425158500671,0.6732,0.9521923589706421,59.53942322731018,1088266,sgd,6.822142856256232e-06,1.0,,,,,,,,,,CIFAR10,42
random_search,6,0.00021149893961648075,128,1,64,64,256,3,0.3045655028334941,64,0.64,1.0184127133369445,0.6484,1.0121961837768554,30.878439903259277,1088010,adamw,0.00015395024835516638,0.0,,,,,,,,,,CIFAR10,42
random_search,7,0.0008404665310526154,128,3,64,128,64,5,0.4214259600949048,64,0.8166,0.5480625495433807,0.8079,0.5754907716751099,99.57127499580383,1096586,adam,0.0002920167626720552,1.0,,,,,,,,,,CIFAR10,42
random_search,8,0.0006343509199762545,32,1,64,128,128,3,0.32771933264744,128,0.6884,0.9020461941719056,0.6853,0.9113682313919067,63.086817026138306,2137546,adamw,2.379882731492451e-05,1.0,,,,,,,,,,CIFAR10,42
random_search,9,0.00019022195423001629,128,3,64,64,256,5,0.18099822185680547,64,0.7256,0.7625175867080688,0.7263,0.7770802708625794,91.05370879173279,2623626,adamw,3.0237613021454307e-05,0.0,,,,,,,,,,CIFAR10,42
random_search,10,0.005274797835850612,64,3,16,128,128,3,0.19238365583725003,256,0.607,1.0853857835769654,0.612,1.0860874534606935,48.361692905426025,991194,sgd,3.866722765081481e-05,0.0,,,,,,,,,,CIFAR10,42
random_search,11,0.0022938595363362463,32,3,64,64,256,5,0.05577608679793822,128,0.8082,0.5703408846378326,0.8073,0.5874983307361603,127.54570174217224,2888010,adam,2.2970535457474088e-05,1.0,,,,,,,,,,CIFAR10,42
random_search,12,0.008785696523496332,64,3,16,128,128,3,0.0764196342748174,64,0.1024,2.3029253311157225,0.1,2.3033219608306883,52.72397994995117,595866,adamw,0.000725269213838676,0.0,,,,,,,,,,CIFAR10,42
random_search,13,0.0015772087178392035,256,1,16,64,128,3,0.028962583247093776,256,0.6704,0.9811149012565613,0.663,0.9960655073165894,26.44383454322815,1054234,adam,1.8070091688765019e-06,1.0,,,,,,,,,,CIFAR10,42
random_search,14,0.00428594414383087,64,1,64,64,256,3,0.13252831447002955,256,0.6908,0.9132988391876221,0.6859,0.9270692590713501,39.21426224708557,4235850,sgd,0.0007817874924482802,0.0,,,,,,,,,,CIFAR10,42
random_search,15,0.0026662320560911917,256,3,64,64,128,5,0.06050209793413286,64,0.1024,2.3025722282409666,0.1,2.302635263061523,66.64407801628113,1058698,adam,1.0333719919396349e-05,0.0,,,,,,,,,,CIFAR10,42
random_search,16,0.001502727481746676,32,1,64,128,64,3,0.03370016405515375,64,0.6722,0.9304509797096252,0.6709,0.9334969254493714,58.997236490249634,1088010,sgd,1.6314435440561296e-06,0.0,,,,,,,,,,CIFAR10,42
random_search,17,0.00036054089121966335,256,1,64,32,256,5,0.12149862119786226,128,0.362,1.820464227104187,0.3599,1.8235727535247803,44.213091135025024,2205898,sgd,3.7258875470092987e-06,0.0,,,,,,,,,,CIFAR10,42
random_search,18,0.0020795314796063537,128,2,32,64,256,3,0.33668227364665076,256,0.7326,0.7550895777225495,0.7252,0.8008787302970887,36.62910866737366,1117354,adam,1.5199805205200254e-06,1.0,,,,,,,,,,CIFAR10,42
random_search,19,0.003991949344645287,32,1,16,32,256,5,0.07009114854738724,64,0.6466,1.0141775341987609,0.6451,1.0159255842208863,60.815760135650635,270490,sgd,2.4427791540672388e-05,0.0,,,,,,,,,,CIFAR10,42
random_search,20,0.0007695936756467131,32,1,64,128,64,3,0.4631834915040638,64,0.5346,1.2700147771835326,0.5345,1.2752088968276978,64.77723288536072,1088266,adam,1.6566935211847058e-05,1.0,,,,,,,,,,CIFAR10,42
random_search,21,0.00026760523091972797,256,1,16,64,64,5,0.13260152908607598,128,0.5532,1.2848349248886108,0.5487,1.2853411043167113,23.189512729644775,533402,sgd,1.8579005272228173e-05,1.0,,,,,,,,,,CIFAR10,42
random_search,22,0.00020398284774456553,128,1,16,128,256,3,0.37398778018953205,64,0.5284,1.3288942958831786,0.534,1.3172420040130615,28.845911026000977,265626,adam,5.656304529493126e-05,0.0,,,,,,,,,,CIFAR10,42
random_search,23,0.00012994487612816188,32,1,16,128,64,3,0.20188777565913874,256,0.6228,1.067879584312439,0.6184,1.0723054836273194,57.573142528533936,1054170,adam,5.454527962833615e-05,0.0,,,,,,,,,,CIFAR10,42
random_search,24,0.0017328581795201504,256,3,64,128,256,5,0.4673531288682136,64,0.5036,1.3575326358795166,0.5114,1.3397001226425171,109.55170774459839,3442954,adamw,0.00014079116492836285,0.0,,,,,,,,,,CIFAR10,42
random_search,25,0.0003398044211072356,64,3,64,64,128,5,0.4645091658527571,64,0.7098,0.8079070537567139,0.7061,0.8318426876068116,78.04386377334595,1058698,adam,2.37059065390971e-05,0.0,,,,,,,,,,CIFAR10,42
random_search,26,0.00014012687673580873,64,3,32,32,128,3,0.4396351212422714,128,0.2726,2.0839876106262207,0.273,2.060537883758545,49.58725690841675,477546,sgd,2.973312092018668e-06,1.0,,,,,,,,,,CIFAR10,42
random_search,27,0.0016724591984196078,32,3,64,64,256,3,0.46946500196355195,64,0.5478,1.2214369800567626,0.5558,1.2151341827392579,81.80061841011047,1113226,sgd,2.219657728027214e-06,0.0,,,,,,,,,,CIFAR10,42
random_search,28,0.0030537492123328632,64,2,32,128,64,5,0.10179865616372646,256,0.8002,0.5941930374741554,0.8037,0.60454626455307,75.01922655105591,2640938,sgd,3.28266960765393e-05,1.0,,,,,,,,,,CIFAR10,42
random_search,29,0.006466555095709448,32,1,64,64,128,3,0.00177284454389115,64,0.4782,1.4929759159088134,0.4775,1.475663900756836,63.558268308639526,1088010,adamw,0.0008697488465948366,0.0,,,,,,,,,,CIFAR10,42
random_search,30,0.003037119055767821,256,3,16,32,64,3,0.27279514460276116,128,0.7646,0.6716111169815063,0.7589,0.6968771049499511,27.25810718536377,205018,adamw,4.545433309988478e-05,1.0,,,,,,,,,,CIFAR10,42
random_search,31,0.00017984196476608503,128,2,16,64,64,3,0.3334667053177715,128,0.6894,0.866406962966919,0.6916,0.8693437238693237,31.102320194244385,575002,adamw,0.0004491631349569214,1.0,,,,,,,,,,CIFAR10,42
random_search,32,0.008864904171112919,64,1,16,32,128,3,0.0896803317091035,128,0.641,1.033356660079956,0.6406,1.0693619466781616,37.61922740936279,528474,sgd,0.00025509703851798045,0.0,,,,,,,,,,CIFAR10,42
random_search,33,0.0003416735965431238,32,2,16,64,64,3,0.4082933027984645,128,0.3798,1.7483297828674316,0.3943,1.7262734357833862,61.82972168922424,574682,sgd,8.233274629789769e-06,0.0,,,,,,,,,,CIFAR10,42
random_search,34,0.0002791560820688288,64,2,32,64,64,5,0.1755730645413761,256,0.7132,0.799926382637024,0.7118,0.8066730030059814,51.78540229797363,1233578,sgd,0.00010928343947215599,1.0,,,,,,,,,,CIFAR10,42
random_search,35,0.00755917292840472,32,2,16,128,128,3,0.05420127360735555,128,0.7764,0.6753762980937957,0.7728,0.7410982841968536,69.95721745491028,1219482,sgd,0.0001533328408098318,1.0,,,,,,,,,,CIFAR10,42
random_search,36,0.0007460840708299174,32,2,64,32,128,3,0.3543926419170853,64,0.7062,0.8235460121154785,0.712,0.8278355710029602,62.16522812843323,198218,adamw,0.0005980334779460784,0.0,,,,,,,,,,CIFAR10,42
random_search,37,0.0005351098478647973,32,3,32,128,128,3,0.3598771315069751,128,0.8168,0.5392928631305695,0.8064,0.5665758612632752,92.63219833374023,754602,adamw,8.469426171992905e-06,1.0,,,,,,,,,,CIFAR10,42
random_search,38,0.00044912353099658107,128,3,16,32,128,5,0.33865897263636646,64,0.7532,0.690106157875061,0.757,0.7075538187980652,41.18177342414856,690842,adamw,5.0970132738480324e-05,1.0,,,,,,,,,,CIFAR10,42
random_search,39,0.0012470228926784975,32,2,32,32,128,5,0.2324940951235071,128,0.788,0.6155810834407807,0.7842,0.6362741739273071,84.77690196037292,343146,adamw,4.3762709514415465e-06,1.0,,,,,,,,,,CIFAR10,42
random_search,40,0.0038678604641895547,64,3,16,64,256,5,0.046693600037781335,64,0.1028,2.302524130630493,0.1,2.3028224239349364,64.29420518875122,2447130,adamw,8.536078353861906e-06,0.0,,,,,,,,,,CIFAR10,42
random_search,41,0.00019710966711513787,32,1,32,128,64,5,0.20722050549885968,256,0.7208,0.8094309253692626,0.7229,0.8298538759231567,69.2831711769104,2128170,adamw,3.830943176310784e-06,1.0,,,,,,,,,,CIFAR10,42
random_search,42,0.0009744382833617107,64,1,64,128,64,3,0.3892102033836625,64,0.4632,1.554928028678894,0.4385,1.5762195644378663,42.16555070877075,1088266,adam,0.00025842205071749565,1.0,,,,,,,,,,CIFAR10,42
random_search,43,0.00012601921508842803,64,1,32,32,128,5,0.47501980422157797,128,0.6862,0.900593717288971,0.6874,0.8965320148468018,42.195889711380005,1078186,adamw,0.0002786246410529935,1.0,,,,,,,,,,CIFAR10,42
random_search,44,0.004582878457156123,256,1,64,64,128,5,0.37588839325025575,256,0.717,0.8117434187889099,0.7195,0.8052686122894287,52.11944603919983,4304714,sgd,0.0001983540411169895,1.0,,,,,,,,,,CIFAR10,42
random_search,45,0.0017926556488466485,128,2,16,128,128,3,0.1358575535410923,128,0.6912,0.8667391254425049,0.6875,0.8821053155899048,29.72177791595459,1218906,adamw,1.7447490598201684e-06,0.0,,,,,,,,,,CIFAR10,42
random_search,46,0.0002900834550454762,64,3,16,32,128,5,0.16544069551904178,128,0.6992,0.8452429500579834,0.7026,0.8471377054214477,56.49570274353027,822618,sgd,1.5374363031323616e-06,1.0,,,,,,,,,,CIFAR10,42
random_search,47,0.0006011095466080208,32,3,32,64,64,5,0.14930632618619172,128,0.2806,1.9328062705993652,0.2856,1.916456661605835,87.99070286750793,519210,sgd,4.117766374231031e-05,0.0,,,,,,,,,,CIFAR10,42
random_search,48,0.0009472376574359649,128,2,32,32,128,5,0.33443681031145855,128,0.7702,0.6361121395111083,0.7701,0.6561177257537841,40.298593282699585,343146,adamw,3.127045450535841e-06,1.0,,,,,,,,,,CIFAR10,42
random_search,49,0.006903721149652397,32,2,64,128,256,3,0.04197373108100011,128,0.1028,2.302768339538574,0.1,2.3029704723358155,77.34685802459717,1310154,adam,0.00039861539419991756,0.0,,,,,,,,,,CIFAR10,42
random_search,50,0.00012605766751553566,256,2,16,64,128,5,0.38061485394701355,128,0.4446,1.5624671598434448,0.4481,1.55721850566864,30.80055856704712,661786,sgd,0.0001803140095473306,1.0,,,,,,,,,,CIFAR10,42
ga,1,0.0019004375238737116,32,3,32,32,64,3,0.3682356070820062,256,0.5878,1.160940571975708,0.5897,1.1634705026626586,82.5233325958252,349034,adamw,0.0001,0.0,1.0,1.0,,,,,,,,CIFAR10,42
ga,2,0.0015169980582701848,32,1,16,32,64,3,0.2806225314693065,256,0.684,0.9263347959518433,0.6844,0.9043421564102173,61.01715421676636,1054234,adamw,0.0001,1.0,1.0,2.0,,,,,,,,CIFAR10,42
ga,3,0.00027598230915285764,128,1,16,128,128,5,0.13893567083582092,64,0.5718,1.1915124280929565,0.5805,1.1776623304367067,27.6093168258667,270554,sgd,1e-06,1.0,1.0,3.0,,,,,,,,CIFAR10,42
ga,4,0.0001561107296769821,128,3,32,32,256,5,0.26811404572735037,128,0.774,0.6453042080402375,0.7775,0.6433492170333862,65.8283338546753,2450026,adam,1e-05,1.0,1.0,4.0,,,,,,,,CIFAR10,42
ga,5,0.001427921361121902,32,1,64,32,128,3,0.42765886050757346,64,0.6868,0.901313779258728,0.6824,0.9057140357971192,58.83737659454346,1088266,sgd,1e-05,1.0,1.0,5.0,,,,,,,,CIFAR10,42
ga,6,0.0001561107296769821,128,3,32,32,256,5,0.26811404572735037,128,0.774,0.6453042080402375,0.7775,0.6433492170333862,66.95788884162903,2450026,adam,1e-05,1.0,2.0,1.0,,,,,,,,CIFAR10,42
ga,7,0.004074662116555786,256,1,64,32,128,3,0.42765886050757346,64,0.682,0.915548470211029,0.6846,0.9100500842094421,32.62617087364197,1088266,sgd,1e-05,1.0,2.0,2.0,,,,,,,,CIFAR10,42
ga,8,0.00020716458231041012,32,1,64,32,256,5,0.2538408373021626,64,0.6824,0.902192311668396,0.6841,0.8986662620544433,72.62232041358948,1156874,adam,1e-05,1.0,2.0,3.0,,,,,,,,CIFAR10,42
ga,9,0.0001561107296769821,128,3,64,64,64,5,0.26811404572735037,128,0.812,0.5245681923866272,0.8121,0.5499551731109619,75.45056128501892,650442,adam,1e-05,1.0,2.0,4.0,,,,,,,,CIFAR10,42
ga,10,0.0001561107296769821,128,3,16,32,256,5,0.26811404572735037,128,0.469,1.4687102684020996,0.4675,1.47600643119812,57.439733266830444,2416730,sgd,1e-05,1.0,2.0,5.0,,,,,,,,CIFAR10,42
ga,11,0.0001561107296769821,128,3,64,64,64,5,0.26811404572735037,128,0.812,0.5245681923866272,0.8121,0.5499551731109619,75.73261070251465,650442,adam,1e-05,1.0,3.0,1.0,,,,,,,,CIFAR10,42
ga,12,0.0001561107296769821,128,3,64,32,64,5,0.26811404572735037,128,0.774,0.6378878216743469,0.7723,0.6583635614395141,67.27202200889587,471050,adam,1e-05,1.0,3.0,2.0,,,,,,,,CIFAR10,42
ga,13,0.0001561107296769821,256,3,64,64,64,5,0.26811404572735037,128,0.7854,0.6151291604042053,0.7797,0.6315039796829224,71.90466547012329,650442,adam,1e-05,1.0,3.0,3.0,,,,,,,,CIFAR10,42
ga,14,0.0001561107296769821,128,3,64,64,64,5,0.26811404572735037,64,0.7882,0.6052232303142547,0.783,0.6262939783096313,75.8367714881897,584202,adam,1e-06,1.0,3.0,4.0,,,,,,,,CIFAR10,42
ga,15,0.0001561107296769821,256,3,32,32,256,5,0.26811404572735037,128,0.7598,0.6703760550498963,0.7685,0.6741306795120239,67.33593153953552,2450026,adam,1e-05,1.0,3.0,5.0,,,,,,,,CIFAR10,42
ga,16,0.0001561107296769821,128,3,64,64,64,5,0.26811404572735037,128,0.812,0.5245681923866272,0.8121,0.5499551731109619,75.83147740364075,650442,adam,1e-05,1.0,4.0,1.0,,,,,,,,CIFAR10,42
ga,17,0.0001561107296769821,128,3,64,64,64,5,0.26811404572735037,128,0.812,0.5245681923866272,0.8121,0.5499551731109619,78.25545883178711,650442,adam,1e-05,1.0,4.0,2.0,,,,,,,,CIFAR10,42
ga,18,0.0001561107296769821,64,3,64,64,64,5,0.26811404572735037,128,0.8178,0.5233935807466507,0.8095,0.5524569885253906,82.94628500938416,650442,adam,1e-05,1.0,4.0,3.0,,,,,,,,CIFAR10,42
ga,19,0.0001561107296769821,128,3,64,64,64,5,0.26811404572735037,128,0.569,1.1868807830810546,0.5763,1.1846812614440918,75.93997955322266,650442,sgd,1e-06,1.0,4.0,4.0,,,,,,,,CIFAR10,42
ga,20,0.0001561107296769821,128,3,64,64,64,5,0.26811404572735037,64,0.5572,1.2141577423095704,0.5592,1.2078451107025145,75.67194175720215,584202,sgd,1e-06,1.0,4.0,5.0,,,,,,,,CIFAR10,42
ga,21,0.0001561107296769821,64,3,64,64,64,5,0.26811404572735037,128,0.8178,0.5233935807466507,0.8095,0.5524569885253906,85.34025311470032,650442,adam,1e-05,1.0,5.0,1.0,,,,,,,,CIFAR10,42
ga,22,0.0001561107296769821,64,3,64,64,64,5,0.26811404572735037,128,0.8178,0.5233935807466507,0.8095,0.5524569885253906,82.87741184234619,650442,adam,1e-05,1.0,5.0,2.0,,,,,,,,CIFAR10,42
ga,23,0.0001561107296769821,128,2,64,64,64,5,0.26811404572735037,128,0.7766,0.6432651094436646,0.7776,0.654256511592865,69.16959547996521,838474,adam,1e-05,1.0,5.0,3.0,,,,,,,,CIFAR10,42
ga,24,0.0001561107296769821,128,3,64,64,128,5,0.3622925005465258,128,0.7904,0.5922036467552185,0.7949,0.5964183036804199,82.27885723114014,1191498,adam,1e-05,1.0,5.0,4.0,,,,,,,,CIFAR10,42
ga,25,0.0001561107296769821,128,3,64,64,64,5,0.26811404572735037,128,0.812,0.5245681923866272,0.8121,0.5499551731109619,75.80127763748169,650442,adam,1e-05,1.0,5.0,5.0,,,,,,,,CIFAR10,42
ga,26,0.0001561107296769821,64,3,64,64,64,5,0.26811404572735037,128,0.8178,0.5233935807466507,0.8095,0.5524569885253906,83.81338930130005,650442,adam,1e-05,1.0,6.0,1.0,,,,,,,,CIFAR10,42
ga,27,0.0001561107296769821,64,3,64,64,64,5,0.26811404572735037,128,0.8178,0.5233935807466507,0.8095,0.5524569885253906,84.90369415283203,650442,adam,1e-05,1.0,6.0,2.0,,,,,,,,CIFAR10,42
ga,28,0.0001561107296769821,64,3,64,64,64,5,0.26811404572735037,128,0.8178,0.5233935807466507,0.8095,0.5524569885253906,85.37141060829163,650442,adam,1e-05,1.0,6.0,3.0,,,,,,,,CIFAR10,42
ga,29,0.0001561107296769821,64,3,64,64,64,5,0.26811404572735037,256,0.6418,0.992118789100647,0.6425,0.9986977443695069,83.03951048851013,782922,sgd,1e-05,1.0,6.0,4.0,,,,,,,,CIFAR10,42
ga,30,0.0001561107296769821,256,3,64,128,64,5,0.26811404572735037,256,0.8074,0.5644538858890533,0.8035,0.580154768037796,96.45092034339905,1295306,adamw,1e-05,1.0,6.0,5.0,,,,,,,,CIFAR10,42
ga,31,0.0001561107296769821,64,3,64,64,64,5,0.26811404572735037,128,0.8178,0.5233935807466507,0.8095,0.5524569885253906,82.49494957923889,650442,adam,1e-05,1.0,7.0,1.0,,,,,,,,CIFAR10,42
ga,32,0.009050560095791584,64,3,64,128,128,5,0.26811404572735037,128,0.7174,0.845410382938385,0.7196,0.8610883447647095,118.49515271186829,1806282,adam,1e-05,1.0,7.0,2.0,,,,,,,,CIFAR10,42
ga,33,0.0001561107296769821,64,3,64,64,64,5,0.26811404572735037,256,0.8122,0.5535025902032852,0.8048,0.5762259419441224,84.2030098438263,782922,adam,1e-05,1.0,7.0,3.0,,,,,,,,CIFAR10,42
ga,34,0.0001561107296769821,64,3,64,64,64,5,0.23416569442634766,128,0.8248,0.490137108373642,0.8265,0.5109638995170593,85.36744403839111,650442,adam,1e-05,1.0,7.0,4.0,,,,,,,,CIFAR10,42
ga,35,0.0001561107296769821,64,3,64,64,64,5,0.26811404572735037,128,0.8178,0.5233935807466507,0.8095,0.5524569885253906,83.71080923080444,650442,adam,1e-05,1.0,7.0,5.0,,,,,,,,CIFAR10,42
ga,36,0.0001561107296769821,64,3,64,64,64,5,0.23416569442634766,128,0.8248,0.490137108373642,0.8265,0.5109638995170593,85.66665291786194,650442,adam,1e-05,1.0,8.0,1.0,,,,,,,,CIFAR10,42
ga,37,0.0001561107296769821,64,3,64,64,256,5,0.4065264905605295,128,0.7378,0.7367680763244628,0.7382,0.7455139951705932,102.77999925613403,2886474,adam,1e-05,0.0,8.0,2.0,,,,,,,,CIFAR10,42
ga,38,0.009935128993520713,64,3,64,64,64,5,0.23416569442634766,128,0.6642,0.9553427532196045,0.6626,0.9901683174133301,81.93747615814209,650442,adam,0.0001,1.0,8.0,3.0,,,,,,,,CIFAR10,42
ga,39,0.0001561107296769821,64,3,64,64,64,5,0.26811404572735037,128,0.8178,0.5233935807466507,0.8095,0.5524569885253906,85.89149498939514,650442,adam,1e-05,1.0,8.0,4.0,,,,,,,,CIFAR10,42
ga,40,0.0001561107296769821,64,3,64,64,64,5,0.23416569442634766,64,0.6958,0.850274165725708,0.69,0.8672373638153076,76.02684807777405,583434,adam,0.0001,0.0,8.0,5.0,,,,,,,,CIFAR10,42
ga,41,0.0001561107296769821,64,3,64,64,64,5,0.23416569442634766,128,0.8248,0.490137108373642,0.8265,0.5109638995170593,83.10599541664124,650442,adam,1e-05,1.0,9.0,1.0,,,,,,,,CIFAR10,42
ga,42,0.0001561107296769821,32,3,64,64,64,5,0.38208044788062384,128,0.7014,0.8439190378189086,0.6964,0.8522790137290954,105.84880495071411,650442,sgd,1e-06,1.0,9.0,2.0,,,,,,,,CIFAR10,42
ga,43,0.0001561107296769821,32,3,64,64,64,3,0.16653431124656598,128,0.8136,0.5207358237862587,0.7996,0.573640157365799,99.67592096328735,319690,adam,1e-05,1.0,9.0,3.0,,,,,,,,CIFAR10,42
ga,44,0.0001561107296769821,64,3,64,64,64,5,0.4065264905605295,128,0.685,0.8689566806316376,0.6947,0.8727948293685913,75.28349256515503,649674,adam,1e-05,0.0,9.0,4.0,,,,,,,,CIFAR10,42
ga,45,0.0001561107296769821,64,3,64,64,64,5,0.23416569442634766,128,0.8248,0.490137108373642,0.8265,0.5109638995170593,86.4981734752655,650442,adam,1e-05,1.0,9.0,5.0,,,,,,,,CIFAR10,42
ga,46,0.0001561107296769821,64,3,64,64,64,5,0.23416569442634766,128,0.8248,0.490137108373642,0.8265,0.5109638995170593,83.8635675907135,650442,adam,1e-05,1.0,10.0,1.0,,,,,,,,CIFAR10,42
ga,47,0.004884912370184711,64,3,64,128,64,5,0.23416569442634766,128,0.793,0.6250838680267334,0.7899,0.6343541534423828,112.10393762588501,1162826,adam,1e-05,1.0,10.0,2.0,,,,,,,,CIFAR10,42
ga,48,0.0001561107296769821,128,3,64,64,64,5,0.23416569442634766,128,0.792,0.5997527958393097,0.7941,0.6085924565315246,75.87506771087646,650442,adam,1e-05,1.0,10.0,3.0,,,,,,,,CIFAR10,42
ga,49,0.0012520119984613845,64,3,64,64,64,5,0.23416569442634766,128,0.8216,0.5409075090408325,0.8185,0.5415205863952637,82.21189761161804,650442,adam,1e-05,1.0,10.0,4.0,,,,,,,,CIFAR10,42
ga,50,0.00018484988286996258,64,3,64,128,64,5,0.23416569442634766,128,0.8284,0.499331849193573,0.8221,0.5336211544036865,112.03045082092285,1162826,adam,1e-05,1.0,10.0,5.0,,,,,,,,CIFAR10,42
pso,1,0.00643032530473305,64,2,64,64,128,3,0.3249422188897616,128,0.515,1.3605328830718995,0.5034,1.3595704284667969,47.02104163169861,638282,adamw,0.001,0.0,,,1.0,1.0,,,,,,CIFAR10,42
pso,2,0.009576409414847133,64,3,64,64,128,3,0.4308534501553886,256,0.1064,2.3026243133544924,0.1,2.302995615768433,56.63907074928284,861130,adam,0.0001,0.0,,,1.0,2.0,,,,,,CIFAR10,42
pso,3,0.006393275998217563,128,2,32,32,64,3,0.2784748718873231,256,0.1064,2.3024490608215333,0.1,2.3026720764160156,28.92097234725952,555754,adam,0.0001,0.0,,,1.0,3.0,,,,,,CIFAR10,42
pso,4,0.008776039502079423,128,3,32,64,128,3,0.4987688032475551,64,0.1028,2.302582537841797,0.1,2.3027512397766112,35.71594572067261,418794,adam,0.001,0.0,,,1.0,4.0,,,,,,CIFAR10,42
pso,5,0.009961601664376958,256,1,32,64,64,3,0.43792647018909703,128,0.2192,1.9387244552612304,0.2235,1.9360576419830322,25.881600618362427,1060266,adamw,0.0001,1.0,,,1.0,5.0,,,,,,CIFAR10,42
pso,6,0.005771990211471666,64,3,64,64,128,3,0.32808812253198677,128,0.6588,0.9587494076728821,0.6602,0.9602148891448975,55.87598919868469,597578,sgd,0.001,0.0,,,2.0,1.0,,,,,,CIFAR10,42
pso,7,0.008350427001335215,64,3,64,64,128,3,0.40128285882332104,128,0.1028,2.3027487518310545,0.1,2.303149563598633,56.315654039382935,597578,adamw,0.0001,0.0,,,2.0,2.0,,,,,,CIFAR10,42
pso,8,0.006213286491628666,64,3,64,64,128,3,0.2982576955117034,128,0.6658,0.9375991024494171,0.6722,0.934703173828125,53.900453329086304,597578,sgd,0.001,0.0,,,2.0,3.0,,,,,,CIFAR10,42
pso,9,0.005270607208651238,64,3,64,64,128,3,0.48414705685548226,128,0.1028,2.3025981464385987,0.1,2.302869995880127,56.8544819355011,597578,adamw,0.001,0.0,,,2.0,4.0,,,,,,CIFAR10,42
pso,10,0.006196606907994659,128,2,64,64,128,3,0.38987076260797054,64,0.1064,2.3023099758148193,0.1,2.302817576599121,37.9734673500061,375434,adamw,0.0001,0.0,,,2.0,5.0,,,,,,CIFAR10,42
pso,11,0.005697514261331104,64,3,64,64,128,3,0.28571928149218706,128,0.1064,2.3026133426666258,0.1,2.302898741531372,55.67375826835632,597578,adam,0.001,0.0,,,3.0,1.0,,,,,,CIFAR10,42
pso,12,0.0067701287783407185,64,3,64,64,128,3,0.29919465386215527,128,0.6874,0.887786928987503,0.6862,0.8885594927787781,52.24772524833679,597578,sgd,0.001,0.0,,,3.0,2.0,,,,,,CIFAR10,42
pso,13,0.006087293837016438,64,3,64,64,128,3,0.31210567204876954,128,0.6716,0.9144136101722717,0.679,0.9143107688903809,54.227715253829956,597578,sgd,0.001,0.0,,,3.0,3.0,,,,,,CIFAR10,42
pso,14,0.004274221138673956,128,3,64,64,64,3,0.22165437600294796,128,0.433,1.5594935905456544,0.4293,1.5460330238342286,41.6092848777771,318922,sgd,0.001,0.0,,,3.0,4.0,,,,,,CIFAR10,42
pso,15,0.004837733735703818,128,2,64,64,64,3,0.3532699791766812,128,0.1064,2.302495658493042,0.1,2.302771035003662,38.40560483932495,638282,adamw,0.0001,0.0,,,3.0,5.0,,,,,,CIFAR10,42
pso,16,0.006231451985944396,64,3,64,64,128,3,0.28062293996770993,128,0.6682,0.9188452181816101,0.676,0.9214340052604675,55.08908176422119,597578,sgd,0.001,0.0,,,4.0,1.0,,,,,,CIFAR10,42
pso,17,0.00566392002224457,64,3,32,32,128,3,0.2277329103893392,256,0.5816,1.180176937675476,0.5838,1.1684580188751221,46.39706540107727,740330,sgd,0.001,0.0,,,4.0,2.0,,,,,,CIFAR10,42
pso,18,0.006342416357860888,64,3,64,64,128,3,0.30831329203610225,128,0.665,0.9329681831359863,0.6687,0.938729732131958,54.85251522064209,597578,sgd,0.001,0.0,,,4.0,3.0,,,,,,CIFAR10,42
pso,19,0.007163243034890113,256,3,64,64,64,3,0.09662045814279127,256,0.1028,2.3023976413726808,0.1,2.3035461265563963,36.83773398399353,451402,adam,0.001,0.0,,,4.0,4.0,,,,,,CIFAR10,42
pso,20,0.01,128,2,64,64,128,3,0.33539551842399457,256,0.7984,0.5966267242431641,0.7834,0.6206595205307007,46.256221532821655,1164490,sgd,0.001,1.0,,,4.0,5.0,,,,,,CIFAR10,42
pso,21,0.006638537904295445,256,1,64,64,128,3,0.33285302917157245,128,0.4998,1.3837840391159058,0.5057,1.3780646062850952,33.48063898086548,2137546,adamw,0.001,1.0,,,5.0,1.0,,,,,,CIFAR10,42
pso,22,0.009115065493595878,128,2,64,64,128,3,0.26690032747297576,128,0.6836,0.8809997534751892,0.6841,0.9066615386962891,38.70837712287903,638282,sgd,0.001,0.0,,,5.0,2.0,,,,,,CIFAR10,42
pso,23,0.00734922978330143,128,3,64,64,128,3,0.3073166967325394,256,0.7882,0.5974136121749878,0.7871,0.6147697729110718,51.830562591552734,862154,sgd,0.001,1.0,,,5.0,3.0,,,,,,CIFAR10,42
pso,24,0.01,128,1,64,64,64,3,0.3730087872840522,128,0.687,0.8910271382331848,0.6745,0.9303531944274902,36.110063314437866,2137546,sgd,0.001,1.0,,,5.0,4.0,,,,,,CIFAR10,42
pso,25,0.01,256,2,64,32,128,3,0.3228833958971139,256,0.6292,1.048744692802429,0.6291,1.0531168523788452,37.148892879486084,593930,adam,0.001,1.0,,,5.0,5.0,,,,,,CIFAR10,42
pso,26,0.01,128,2,64,64,128,3,0.329441700184232,128,0.7598,0.6961018857955933,0.7561,0.694971097278595,46.94901204109192,638794,sgd,0.001,1.0,,,6.0,1.0,,,,,,CIFAR10,42
pso,27,0.01,128,2,64,64,128,3,0.3483753288566774,128,0.6432,1.037819775390625,0.6495,1.0527410713195802,45.715975761413574,638794,adamw,0.001,1.0,,,6.0,2.0,,,,,,CIFAR10,42
pso,28,0.009805371538335736,256,2,64,32,128,3,0.31160805046166035,256,0.761,0.6850091496467591,0.7613,0.6876971635818482,37.27386975288391,593930,sgd,0.001,1.0,,,6.0,3.0,,,,,,CIFAR10,42
pso,29,0.01,128,1,64,64,128,3,0.5,128,0.6736,0.9526039834976197,0.6771,0.9484865681648255,36.31026029586792,2137546,sgd,0.001,1.0,,,6.0,4.0,,,,,,CIFAR10,42
pso,30,0.01,128,2,64,32,128,3,0.34018287564361793,128,0.762,0.6778890854358673,0.7598,0.6894450433731079,41.63541340827942,330378,sgd,0.001,1.0,,,6.0,5.0,,,,,,CIFAR10,42
pso,31,0.01,128,2,64,64,64,3,0.3327228591546062,128,0.7826,0.626991268491745,0.7808,0.6268064993858338,47.24508261680603,638794,sgd,0.001,1.0,,,7.0,1.0,,,,,,CIFAR10,42
pso,32,0.009683518575746886,64,2,64,64,128,3,0.3845259345704431,128,0.7648,0.6566399988174438,0.767,0.6623591094970703,53.010708808898926,638794,sgd,0.001,1.0,,,7.0,2.0,,,,,,CIFAR10,42
pso,33,0.01,256,1,64,64,128,3,0.3281563656721937,256,0.714,0.8502220012664795,0.7108,0.8447724275588989,34.12388873100281,4236106,sgd,0.001,1.0,,,7.0,3.0,,,,,,CIFAR10,42
pso,34,0.01,128,2,64,64,128,3,0.4361213843210153,256,0.7602,0.6876424700260162,0.7563,0.6965995958328247,47.79554843902588,1164490,sgd,0.001,1.0,,,7.0,4.0,,,,,,CIFAR10,42
pso,35,0.01,128,2,64,64,64,3,0.34285306440005353,128,0.6816,0.8795410858154297,0.6832,0.9059154751777649,38.68016242980957,638282,sgd,0.001,0.0,,,7.0,5.0,,,,,,CIFAR10,42
pso,36,0.01,128,2,64,64,64,3,0.33901833989164387,256,0.7712,0.6450650908470154,0.7677,0.6626206072807312,45.234869718551636,1164490,sgd,0.0001,1.0,,,8.0,1.0,,,,,,CIFAR10,42
pso,37,0.009839928505416226,64,2,64,64,128,3,0.3758466278465345,256,0.769,0.6500218923091888,0.7746,0.65313033618927,55.262610912323,1164490,sgd,0.001,1.0,,,8.0,2.0,,,,,,CIFAR10,42
pso,38,0.009715207376135593,128,2,64,64,128,3,0.31631766664459926,128,0.7754,0.6259998592853546,0.7753,0.645785196685791,45.28240084648132,638794,sgd,0.001,1.0,,,8.0,3.0,,,,,,CIFAR10,42
pso,39,0.01,256,2,64,64,128,3,0.30383924325028044,256,0.7406,0.7362976373672485,0.7438,0.7315617177963257,41.651028871536255,1164490,sgd,0.001,1.0,,,8.0,4.0,,,,,,CIFAR10,42
pso,40,0.01,128,2,64,64,128,3,0.32565893089501574,256,0.719,0.7905015681266785,0.7129,0.814553354358673,41.09963798522949,1163978,sgd,0.0001,0.0,,,8.0,5.0,,,,,,CIFAR10,42
pso,41,0.01,128,1,64,64,64,3,0.338352753286272,256,0.7078,0.8224939609527588,0.7139,0.8261537940979004,37.80109453201294,4236106,sgd,0.001,1.0,,,9.0,1.0,,,,,,CIFAR10,42
pso,42,0.01,128,2,64,64,128,3,0.31786524907737035,256,0.7704,0.6513114364624023,0.768,0.6646635077476502,45.836989879608154,1164490,sgd,0.001,1.0,,,9.0,2.0,,,,,,CIFAR10,42
pso,43,0.006700461485371212,128,3,64,64,128,3,0.3056907394633967,128,0.7828,0.6244176625728607,0.7845,0.6279823565483094,52.18699049949646,598602,sgd,0.001,1.0,,,9.0,3.0,,,,,,CIFAR10,42
pso,44,0.01,256,2,32,64,128,3,0.25672949991132055,256,0.7746,0.6361096681594849,0.7654,0.6579958486557007,27.741597414016724,1117354,sgd,0.001,1.0,,,9.0,4.0,,,,,,CIFAR10,42
pso,45,0.01,256,2,64,64,128,3,0.32799821688631786,256,0.7456,0.7097063343048096,0.7456,0.715378911972046,43.553144216537476,1164490,sgd,0.001,1.0,,,9.0,5.0,,,,,,CIFAR10,42
pso,46,0.01,128,2,64,64,128,3,0.33379418143990425,128,0.7854,0.6162356037139892,0.7829,0.6281400349617005,45.51287841796875,638794,sgd,0.001,1.0,,,10.0,1.0,,,,,,CIFAR10,42
pso,47,0.01,256,2,64,64,64,3,0.2985044960269333,128,0.7666,0.6482098515510559,0.7633,0.6714627096176148,41.2363657951355,638794,sgd,0.001,1.0,,,10.0,2.0,,,,,,CIFAR10,42
pso,48,0.005743341437125775,256,3,64,32,128,3,0.31446519465966405,256,0.7596,0.6793206815719605,0.7539,0.6954214431762695,44.75530648231506,779018,sgd,0.001,1.0,,,10.0,3.0,,,,,,CIFAR10,42
pso,49,0.01,128,2,32,64,128,3,0.29447244181119814,256,0.7762,0.6421266299724578,0.7792,0.6437402163505554,37.22967505455017,1117354,sgd,0.001,1.0,,,10.0,4.0,,,,,,CIFAR10,42
pso,50,0.01,128,2,64,64,64,3,0.34214299597646286,256,0.771,0.6384209317684174,0.7672,0.6623370069503784,45.787763595581055,1164490,sgd,0.001,1.0,,,10.0,5.0,,,,,,CIFAR10,42
aco,1,0.0001,128,1,16,32,256,5,0.1,256,0.5722,1.211859973526001,0.5755,1.2016906642913818,30.437309980392456,1059034,adam,0.0001,0.0,,,,,1.0,1.0,,,,CIFAR10,42
aco,2,0.01,32,1,32,64,64,5,0.1,256,0.5526,1.2587187314987183,0.5565,1.2414575954437257,70.46088242530823,2128170,adam,1e-06,1.0,,,,,1.0,2.0,,,,CIFAR10,42
aco,3,0.01,256,2,16,32,256,5,0.1,256,0.7026,0.8581943911552429,0.6982,0.870712338733673,28.1591956615448,573402,adamw,0.0001,1.0,,,,,1.0,3.0,,,,CIFAR10,42
aco,4,0.0001,256,2,64,64,256,3,0.0,64,0.557,1.2592996183395386,0.5603,1.2477081047058105,34.769776344299316,375434,adam,1e-05,0.0,,,,,1.0,4.0,,,,CIFAR10,42
aco,5,0.01,128,2,32,32,64,5,0.0,128,0.6848,0.9599425542831421,0.6741,1.0021469017028808,35.666085958480835,342890,sgd,1e-05,0.0,,,,,1.0,5.0,,,,CIFAR10,42
aco,6,0.001,256,2,32,64,256,5,0.0,128,0.723,0.7994157597541809,0.7207,0.8086461193084716,37.795836448669434,707498,adam,0.001,0.0,,,,,2.0,1.0,,,,CIFAR10,42
aco,7,0.001,256,2,32,32,256,5,0.25,128,0.6602,0.9506509491920471,0.664,0.9434302804946899,36.85943007469177,343146,sgd,0.001,1.0,,,,,2.0,2.0,,,,CIFAR10,42
aco,8,0.001,128,2,64,32,64,3,0.0,64,0.7756,0.63963169901371,0.7732,0.6762494156837463,40.750763177871704,198602,adamw,1e-05,1.0,,,,,2.0,3.0,,,,CIFAR10,42
aco,9,0.01,256,2,64,128,64,5,0.0,256,0.6822,0.935786660861969,0.6742,0.941003488445282,82.04345464706421,2821962,sgd,1e-05,0.0,,,,,2.0,4.0,,,,CIFAR10,42
aco,10,0.01,128,3,64,32,128,3,0.25,256,0.3426,1.7867911701202392,0.3456,1.7919029201507568,40.89587044715881,778122,adamw,1e-06,0.0,,,,,2.0,5.0,,,,CIFAR10,42
aco,11,0.01,256,2,64,32,64,3,0.0,64,0.714,0.8200387826919555,0.7149,0.8244826254844666,36.60382080078125,198602,adamw,1e-06,1.0,,,,,3.0,1.0,,,,CIFAR10,42
aco,12,0.001,256,3,16,32,64,5,0.0,256,0.6304,1.0332386845588684,0.627,1.043369992828369,30.459620475769043,464794,adam,0.001,0.0,,,,,3.0,2.0,,,,CIFAR10,42
aco,13,0.001,128,2,32,64,64,3,0.0,256,0.7358,0.7938134327888489,0.7279,1.0290886320114137,34.31271934509277,1116970,adamw,1e-05,0.0,,,,,3.0,3.0,,,,CIFAR10,42
aco,14,0.0001,128,2,16,32,64,5,0.0,64,0.6968,0.8640572112083436,0.6925,0.8759355533599853,33.867095947265625,178074,adamw,0.0001,1.0,,,,,3.0,4.0,,,,CIFAR10,42
aco,15,0.001,64,1,64,64,128,5,0.0,256,0.6614,0.998247857093811,0.6587,1.071830950832367,57.07333159446716,4304458,adam,1e-05,0.0,,,,,3.0,5.0,,,,CIFAR10,42
aco,16,0.001,256,2,64,32,64,3,0.0,256,0.3332,1.8912930292129517,0.3379,1.8739220804214478,31.487582683563232,593546,sgd,1e-05,0.0,,,,,4.0,1.0,,,,CIFAR10,42
aco,17,0.01,128,3,32,64,64,3,0.4,256,0.698,0.8254568759918213,0.6981,0.8412922466278077,42.97075819969177,405034,adamw,1e-06,1.0,,,,,4.0,2.0,,,,CIFAR10,42
aco,18,0.001,128,2,32,32,64,5,0.5,64,0.624,1.0364788877487183,0.6223,1.044673977470398,36.66669225692749,211114,adamw,0.001,0.0,,,,,4.0,3.0,,,,CIFAR10,42
aco,19,0.01,128,2,16,32,256,5,0.0,128,0.1028,2.302678672027588,0.1,2.303065408706665,32.20165538787842,309658,adamw,0.001,0.0,,,,,4.0,4.0,,,,CIFAR10,42
aco,20,0.001,64,3,16,32,64,5,0.1,64,0.7922,0.592032454586029,0.7899,0.6256753284454346,56.29017901420593,266522,adam,1e-05,1.0,,,,,4.0,5.0,,,,CIFAR10,42
aco,21,0.001,128,2,32,128,64,5,0.0,64,0.7218,0.8389718968391419,0.7209,0.8467662174224854,65.88727831840515,1065962,sgd,0.0001,1.0,,,,,5.0,1.0,,,,CIFAR10,42
aco,22,0.01,64,2,64,128,64,3,0.0,64,0.525,1.267284035396576,0.513,1.308047801589966,61.29769563674927,785930,adamw,1e-06,1.0,,,,,5.0,2.0,,,,CIFAR10,42
aco,23,0.01,256,3,32,128,64,3,0.0,256,0.7652,0.7204502599716186,0.7598,0.7495575063705444,41.57616662979126,571306,adam,1e-06,1.0,,,,,5.0,3.0,,,,CIFAR10,42
aco,24,0.01,64,2,16,64,128,3,0.4,256,0.5908,1.1800349447250367,0.5781,1.2001724966049194,50.2919020652771,1100698,adam,1e-06,1.0,,,,,5.0,4.0,,,,CIFAR10,42
aco,25,0.0001,128,2,16,64,64,3,0.0,256,0.7196,0.8255631803512573,0.7073,0.8335055906295776,28.517324686050415,1100698,adamw,0.001,1.0,,,,,5.0,5.0,,,,CIFAR10,42
aco,26,0.01,256,2,64,64,64,3,0.4,64,0.1064,2.302223476409912,0.1,2.3028230178833007,42.477904319763184,375946,adamw,1e-06,1.0,,,,,6.0,1.0,,,,CIFAR10,42
aco,27,0.01,128,2,32,128,64,5,0.25,64,0.3922,1.5641672199249268,0.3982,1.5694995304107666,66.41969537734985,1065962,adamw,0.0001,1.0,,,,,6.0,2.0,,,,CIFAR10,42
aco,28,0.001,32,3,32,128,128,5,0.4,256,0.814,0.5372642972946167,0.8137,0.5678918950080871,117.3587532043457,1888042,adam,0.0001,1.0,,,,,6.0,3.0,,,,CIFAR10,42
aco,29,0.01,128,3,32,32,128,3,0.5,64,0.1064,2.302463089752197,0.1,2.3029450805664062,40.36243438720703,345770,adam,1e-06,1.0,,,,,6.0,4.0,,,,CIFAR10,42
aco,30,0.001,128,2,64,64,256,3,0.0,256,0.798,0.6190990673065185,0.7977,0.6820340518951415,47.81944513320923,1164490,adam,1e-05,1.0,,,,,6.0,5.0,,,,CIFAR10,42
aco,31,0.01,128,2,32,64,64,5,0.0,64,0.4938,1.4050651676177979,0.494,1.4413216609954833,40.63292908668518,444650,adamw,0.0001,0.0,,,,,7.0,1.0,,,,CIFAR10,42
aco,32,0.001,256,3,32,32,128,3,0.0,64,0.7856,0.6409283653259278,0.7785,0.6681159297943116,31.314902782440186,345770,adamw,1e-05,1.0,,,,,7.0,2.0,,,,CIFAR10,42
aco,33,0.001,128,2,16,64,256,5,0.0,256,0.7242,0.7928150675773621,0.7222,0.7980283304214477,36.836652755737305,1187482,sgd,1e-05,1.0,,,,,7.0,3.0,,,,CIFAR10,42
aco,34,0.001,128,2,32,64,64,3,0.0,256,0.7796,0.6909846528053284,0.7756,0.7286291258811951,36.45866632461548,1117354,adamw,1e-05,1.0,,,,,7.0,4.0,,,,CIFAR10,42
aco,35,0.001,128,2,64,128,128,3,0.4,64,0.519,1.4043745559692382,0.5037,1.427854706764221,54.68856477737427,785930,adam,1e-06,1.0,,,,,7.0,5.0,,,,CIFAR10,42
aco,36,0.01,128,3,32,64,64,3,0.0,256,0.7574,0.7302986326217651,0.7544,0.7573590232849121,43.13641285896301,405034,adam,1e-05,1.0,,,,,8.0,1.0,,,,CIFAR10,42
aco,37,0.01,64,3,32,32,64,5,0.0,128,0.7704,0.6960983079195022,0.7677,0.7132289262771606,59.614686489105225,366058,adamw,0.001,1.0,,,,,8.0,2.0,,,,CIFAR10,42
aco,38,0.001,256,3,32,64,256,3,0.0,256,0.8102,0.61441271276474,0.7976,0.7548936918258667,44.33843636512756,1856170,adamw,1e-05,1.0,,,,,8.0,3.0,,,,CIFAR10,42
aco,39,0.001,256,2,32,32,64,3,0.0,64,0.7478,0.7300448181152344,0.75,0.7493839197158814,28.52885603904724,160682,adam,1e-05,1.0,,,,,8.0,4.0,,,,CIFAR10,42
aco,40,0.001,256,2,32,64,64,3,0.4,128,0.6984,0.8354555529594422,0.704,0.8491428559303283,28.43443489074707,591658,adamw,0.0001,1.0,,,,,8.0,5.0,,,,CIFAR10,42
aco,41,0.001,128,1,32,64,256,5,0.0,128,0.681,0.9532851610183716,0.6843,0.9693016164779663,34.956687450408936,1078186,adamw,1e-05,1.0,,,,,9.0,1.0,,,,CIFAR10,42
aco,42,0.001,128,2,32,64,64,3,0.0,256,0.7964,0.6657774553298951,0.7848,0.6964233707427978,38.42485857009888,1117354,adam,1e-05,1.0,,,,,9.0,2.0,,,,CIFAR10,42
aco,43,0.001,32,3,32,64,64,3,0.1,64,0.8042,0.5547641321659088,0.8049,0.5663892358779907,87.40882444381714,206314,sgd,0.0001,1.0,,,,,9.0,3.0,,,,CIFAR10,42
aco,44,0.01,64,2,16,64,256,3,0.4,256,0.5856,1.1652819053649903,0.5678,1.2047917980194092,44.94116139411926,1100698,adamw,1e-05,1.0,,,,,9.0,4.0,,,,CIFAR10,42
aco,45,0.001,32,2,32,64,128,3,0.1,256,0.8082,0.5940305365145206,0.8041,0.6218579356908798,74.32259559631348,1117354,adamw,1e-06,1.0,,,,,9.0,5.0,,,,CIFAR10,42
aco,46,0.001,256,3,32,32,64,3,0.1,256,0.6778,0.9097752453804017,0.6721,0.9140045637130737,26.47784113883972,349546,sgd,1e-05,1.0,,,,,10.0,1.0,,,,CIFAR10,42
aco,47,0.001,32,3,32,64,64,5,0.0,256,0.7948,0.5972416675806046,0.7784,0.6873433067560196,88.61882758140564,652330,sgd,1e-05,1.0,,,,,10.0,2.0,,,,CIFAR10,42
aco,48,0.01,256,3,32,128,128,5,0.0,256,0.7468,0.705144689655304,0.7482,0.7265979924201965,75.45575547218323,1888042,adamw,0.0001,1.0,,,,,10.0,3.0,,,,CIFAR10,42
aco,49,0.001,128,3,32,64,64,5,0.0,256,0.8088,0.5943830559790134,0.7976,0.6323483878135682,53.28478789329529,652330,adam,1e-05,1.0,,,,,10.0,4.0,,,,CIFAR10,42
aco,50,0.001,64,2,32,32,64,5,0.0,128,0.7814,0.654871891450882,0.7723,0.7233281057357788,49.39559531211853,343146,adamw,0.001,1.0,,,,,10.0,5.0,,,,CIFAR10,42
harmony_search,1,0.0019004375238737116,32,3,32,32,64,3,0.3682356070820062,256,0.5878,1.160940571975708,0.5897,1.1634705026626586,77.30455613136292,349034,adamw,0.0001,0.0,,,,,,,init,1.0,,CIFAR10,42
harmony_search,2,0.0015169980582701848,32,1,16,32,64,3,0.2806225314693065,256,0.684,0.9263347959518433,0.6844,0.9043421564102173,59.973405599594116,1054234,adamw,0.0001,1.0,,,,,,,init,2.0,,CIFAR10,42
harmony_search,3,0.00027598230915285764,128,1,16,128,128,5,0.13893567083582092,64,0.5718,1.1915124280929565,0.5805,1.1776623304367067,26.790655851364136,270554,sgd,1e-06,1.0,,,,,,,init,3.0,,CIFAR10,42
harmony_search,4,0.0001561107296769821,128,3,32,32,256,5,0.26811404572735037,128,0.774,0.6453042080402375,0.7775,0.6433492170333862,65.49856615066528,2450026,adam,1e-05,1.0,,,,,,,init,4.0,,CIFAR10,42
harmony_search,5,0.001427921361121902,32,1,64,32,128,3,0.42765886050757346,64,0.6868,0.901313779258728,0.6824,0.9057140357971192,58.41869831085205,1088266,sgd,1e-05,1.0,,,,,,,init,5.0,,CIFAR10,42
harmony_search,6,0.00027598230915285764,128,1,16,32,64,5,0.2806225314693065,64,0.5662,1.212014366531372,0.5744,1.2033940601348876,26.350796222686768,270554,sgd,1e-05,1.0,,,,,,,main,,1.0,CIFAR10,42
harmony_search,7,0.0015169980582701848,128,3,32,32,64,3,0.42765886050757346,64,0.6216,1.036845571899414,0.6235,1.0447435600280761,32.001344442367554,150314,adam,0.0001,0.0,,,,,,,main,,2.0,CIFAR10,42
harmony_search,8,0.0001561107296769821,128,3,16,32,256,3,0.2806225314693065,64,0.0976,2.3034352169036865,0.1,2.3042028881073,33.71568250656128,943578,sgd,1e-05,0.0,,,,,,,main,,3.0,CIFAR10,42
harmony_search,9,0.0019004375238737116,32,3,32,32,64,3,0.2806225314693065,64,0.1028,2.3026620700836182,0.1,2.3028722553253176,80.13238382339478,150314,adamw,1e-05,0.0,,,,,,,main,,4.0,CIFAR10,42
harmony_search,10,0.0022532106319453774,32,3,32,32,128,3,0.030306337038506825,256,0.1028,2.302759355545044,0.1,2.3027685989379885,70.71013832092285,740330,adam,1e-05,0.0,,,,,,,main,,5.0,CIFAR10,42
harmony_search,11,0.0019004375238737116,128,1,64,32,64,3,0.42765886050757346,64,0.653,1.0006905550003051,0.6516,1.0067500066757202,30.535414695739746,1088010,adamw,1e-05,0.0,,,,,,,main,,6.0,CIFAR10,42
harmony_search,12,0.0015169980582701848,64,1,16,32,128,3,0.228612286285226,64,0.5482,1.268482718849182,0.5476,1.2620222519874573,30.797141551971436,265626,sgd,1e-05,0.0,,,,,,,main,,7.0,CIFAR10,42
harmony_search,13,0.001427921361121902,32,1,64,32,64,3,0.42765886050757346,64,0.3604,1.6418246479034424,0.3449,1.6588946968078613,59.732215881347656,1088266,adamw,1e-05,1.0,,,,,,,main,,8.0,CIFAR10,42
harmony_search,14,0.0019004375238737116,128,1,32,64,64,3,0.42765886050757346,64,0.514,1.3729304378509521,0.5138,1.3571738246917724,26.663724422454834,535146,sgd,1e-05,0.0,,,,,,,main,,9.0,CIFAR10,42
harmony_search,15,0.0001561107296769821,128,1,32,32,64,3,0.2806225314693065,64,0.6874,0.9041995082855224,0.6847,0.9039836494445801,29.56641674041748,535274,adam,1e-05,1.0,,,,,,,main,,10.0,CIFAR10,42
harmony_search,16,0.0019004375238737116,128,1,64,32,64,3,0.42765886050757346,256,0.582,1.1904566164016723,0.5846,1.1754006481170653,32.17120862007141,4235850,sgd,1e-05,0.0,,,,,,,main,,11.0,CIFAR10,42
harmony_search,17,0.0015169980582701848,128,1,16,32,64,3,0.42765886050757346,256,0.6792,0.9226013893127442,0.6673,0.9340083513259888,28.733519554138184,1054234,adamw,1e-05,1.0,,,,,,,main,,12.0,CIFAR10,42
harmony_search,18,0.0001561107296769821,128,1,16,32,64,5,0.26811404572735037,256,0.5438,1.2944366733551025,0.5424,1.2893898405075073,27.15774917602539,1059098,sgd,1e-05,1.0,,,,,,,main,,13.0,CIFAR10,42
harmony_search,19,0.0015169980582701848,128,1,16,32,64,3,0.42765886050757346,256,0.665,0.9538221979141235,0.6622,0.9554967393875122,29.653077363967896,1054170,adam,1e-05,0.0,,,,,,,main,,14.0,CIFAR10,42
harmony_search,20,0.001427921361121902,128,1,32,32,64,3,0.26811404572735037,128,0.7046,0.8447652884483338,0.701,0.8456810934066773,28.771786212921143,1060266,sgd,0.0001,1.0,,,,,,,main,,15.0,CIFAR10,42
harmony_search,21,0.0001561107296769821,32,1,64,32,64,3,0.121931719595478,128,0.7166,0.8550269575119018,0.7118,0.8770266180992127,65.37654256820679,2137546,adamw,1e-05,1.0,,,,,,,main,,16.0,CIFAR10,42
harmony_search,22,0.00016767294904580508,32,2,32,64,64,3,0.42765886050757346,128,0.7402,0.7294295932769775,0.7405,0.7416397253990173,74.61862254142761,591658,adam,1e-05,1.0,,,,,,,main,,17.0,CIFAR10,42
harmony_search,23,0.00016767294904580508,256,1,16,64,64,5,0.42765886050757346,64,0.5232,1.3483542531967163,0.5315,1.334292484664917,23.83178400993347,270490,adam,0.0001,0.0,,,,,,,main,,18.0,CIFAR10,42
harmony_search,24,0.00016767294904580508,32,2,32,32,64,3,0.26811404572735037,128,0.6452,0.987650597000122,0.6548,0.9735311918258667,67.84281778335571,292458,sgd,1e-05,1.0,,,,,,,main,,19.0,CIFAR10,42
harmony_search,25,0.0001561107296769821,128,3,32,32,64,5,0.26811404572735037,128,0.503,1.358316143798828,0.502,1.356952562713623,44.1721305847168,366058,sgd,1e-05,1.0,,,,,,,main,,20.0,CIFAR10,42
harmony_search,26,0.0001561107296769821,32,1,32,32,64,3,0.2806225314693065,64,0.6876,0.9082104587554931,0.6854,0.8957898569107056,58.6586434841156,535274,adam,1e-06,1.0,,,,,,,main,,21.0,CIFAR10,42
harmony_search,27,0.0001561107296769821,128,3,32,64,64,3,0.26811404572735037,128,0.742,0.7240242909431458,0.7385,0.7432086772918701,38.20625066757202,272554,adam,1e-05,1.0,,,,,,,main,,22.0,CIFAR10,42
harmony_search,28,0.001427921361121902,128,3,32,64,64,3,0.1495126457961917,128,0.8174,0.5325886477470398,0.8139,0.5589747815132141,38.607961654663086,272554,adam,1e-05,1.0,,,,,,,main,,23.0,CIFAR10,42
harmony_search,29,0.0001561107296769821,32,2,32,64,64,3,0.26811404572735037,128,0.7718,0.6517439244270324,0.7705,0.6638904723167419,68.14784002304077,591658,adam,1e-05,1.0,,,,,,,main,,24.0,CIFAR10,42
harmony_search,30,0.001427921361121902,128,3,32,32,256,3,0.26811404572735037,128,0.6482,0.9868807674407959,0.6499,0.988164872932434,39.503756523132324,1218410,adam,0.0001,0.0,,,,,,,main,,25.0,CIFAR10,42
harmony_search,31,0.0001561107296769821,32,3,32,64,64,3,0.42765886050757346,128,0.7392,0.7218415509223938,0.7399,0.7408846036911011,81.69110941886902,272554,adam,1e-05,1.0,,,,,,,main,,26.0,CIFAR10,42
harmony_search,32,0.00016767294904580508,256,3,32,64,64,5,0.0485959993109108,128,0.7628,0.6981527503967285,0.7554,0.7175911618232726,46.50065541267395,519850,adam,1e-05,1.0,,,,,,,main,,27.0,CIFAR10,42
harmony_search,33,0.00013715773532003528,32,3,32,64,64,3,0.26811404572735037,128,0.7776,0.6219923379898071,0.7764,0.6415963275909424,87.54885745048523,272554,adam,1e-05,1.0,,,,,,,main,,28.0,CIFAR10,42
harmony_search,34,0.001427921361121902,32,3,32,64,64,5,0.26811404572735037,128,0.7998,0.5790851735115051,0.8015,0.5835537711143494,92.16235995292664,519850,adam,1e-05,1.0,,,,,,,main,,29.0,CIFAR10,42
harmony_search,35,0.001427921361121902,128,3,32,64,64,5,0.1495126457961917,128,0.819,0.5360579389572143,0.8118,0.5562829735755921,53.213406562805176,519850,adam,1e-05,1.0,,,,,,,main,,30.0,CIFAR10,42
harmony_search,36,0.0001561107296769821,128,3,32,64,64,5,0.1495126457961917,128,0.7922,0.6079183794498444,0.7868,0.6282389137268066,51.140830278396606,519850,adam,1e-05,1.0,,,,,,,main,,31.0,CIFAR10,42
harmony_search,37,0.00013715773532003528,32,3,32,64,64,5,0.26811404572735037,128,0.8076,0.5585689280509949,0.8053,0.571134072637558,102.2066740989685,519850,adam,1e-06,1.0,,,,,,,main,,32.0,CIFAR10,42
harmony_search,38,0.001427921361121902,32,3,32,64,64,3,0.1495126457961917,256,0.8296,0.49865019793510434,0.8278,0.5225153872013092,98.59912109375,405034,adam,1e-05,1.0,,,,,,,main,,33.0,CIFAR10,42
harmony_search,39,0.00013715773532003528,128,3,32,64,64,3,0.26811404572735037,128,0.7298,0.7594977990150452,0.727,0.7741472196578979,38.47524309158325,272554,adam,1e-05,1.0,,,,,,,main,,34.0,CIFAR10,42
harmony_search,40,0.004165161403992934,128,3,64,64,64,3,0.26811404572735037,128,0.7742,0.6546490065097809,0.7737,0.6710043237686157,48.20729947090149,319690,adam,1e-05,1.0,,,,,,,main,,35.0,CIFAR10,42
harmony_search,41,0.001427921361121902,32,3,32,64,64,5,0.4583732275285601,256,0.7948,0.5811654907584191,0.7979,0.5968503940105438,100.9659960269928,652330,adam,1e-06,1.0,,,,,,,main,,36.0,CIFAR10,42
harmony_search,42,0.001427921361121902,128,3,32,64,64,5,0.26811404572735037,64,0.8104,0.5565459134340286,0.801,0.5901950464725494,50.61669659614563,453610,adam,1e-05,1.0,,,,,,,main,,37.0,CIFAR10,42
harmony_search,43,0.001427921361121902,128,3,32,64,128,3,0.1495126457961917,128,0.8042,0.5581545521974564,0.809,0.5768315501213074,42.96967935562134,551466,adam,1e-05,1.0,,,,,,,main,,38.0,CIFAR10,42
harmony_search,44,0.0015918604168291754,128,3,32,64,64,5,0.1495126457961917,256,0.8142,0.5761550174951553,0.8078,0.5901774730682373,53.559035539627075,652330,adam,1e-05,1.0,,,,,,,main,,39.0,CIFAR10,42
harmony_search,45,0.001427921361121902,32,1,32,64,64,5,0.1495126457961917,128,0.6678,0.9658363889694214,0.6777,0.9534891634941101,68.5972695350647,1078186,adam,1e-05,1.0,,,,,,,main,,40.0,CIFAR10,42
harmony_search,46,0.001427921361121902,128,3,32,64,64,5,0.1495126457961917,64,0.81,0.5626635349750518,0.8067,0.5783542921066284,50.90342569351196,453610,adam,1e-05,1.0,,,,,,,main,,41.0,CIFAR10,42
harmony_search,47,0.0015918604168291754,32,3,32,64,128,5,0.1495126457961917,128,0.8166,0.5424846449255943,0.8152,0.5567317499637604,107.60589838027954,1060906,adam,1e-05,1.0,,,,,,,main,,42.0,CIFAR10,42
harmony_search,48,0.001427921361121902,32,2,32,64,64,3,0.1495126457961917,256,0.7926,0.6166613050460815,0.7848,0.6288444347381592,82.61216139793396,1117354,adam,1e-05,1.0,,,,,,,main,,43.0,CIFAR10,42
harmony_search,49,0.001427921361121902,128,3,32,64,64,3,0.1495126457961917,256,0.8166,0.5258498208284378,0.815,0.5406457560539245,40.27814698219299,405034,adam,1e-05,1.0,,,,,,,main,,44.0,CIFAR10,42
harmony_search,50,0.0008299405300744985,64,3,32,64,64,3,0.1495126457961917,128,0.8006,0.5512781443834305,0.7993,0.572276208114624,56.412835359573364,272554,adam,1e-05,1.0,,,,,,,main,,45.0,CIFAR10,42
manual_search,1,0.001,64,2,32,64,128,3,0.25,128,0.2696,2.8748035488128663,0.2628,2.8874696685791017,48.29280090332031,603268,,,,,,,,,,,,,CIFAR100,42
manual_search,2,0.0005,128,2,32,64,128,3,0.3,256,0.4288,2.1623623527526856,0.4328,2.149028809738159,36.119776010513306,1140484,,,,,,,,,,,,,CIFAR100,42
manual_search,3,0.001,64,3,32,64,128,3,0.35,128,0.2764,2.8241227748870847,0.2672,2.8205406784057616,58.36259055137634,563076,,,,,,,,,,,,,CIFAR100,42
manual_search,4,0.0002,128,3,64,128,256,3,0.4,256,0.4264,2.1426379009246825,0.4324,2.1309529666900633,72.82222151756287,2221732,,,,,,,,,,,,,CIFAR100,42
manual_search,5,0.0008,32,1,32,64,128,5,0.2,128,0.2218,3.169867541503906,0.2182,3.1977299697875976,70.08217549324036,1089796,,,,,,,,,,,,,CIFAR100,42
random_search,1,0.0019004375238737116,32,3,32,32,64,3,0.3682356070820062,256,0.0102,4.606164728546142,0.01,4.605353998565674,82.76174569129944,372164,adamw,0.0004748306046370143,0.0,,,,,,,,,,CIFAR100,42
random_search,2,0.0015169980582701848,32,1,16,32,64,3,0.2806225314693065,256,0.2756,3.0153750213623045,0.2602,3.030326940917969,56.94882869720459,1077364,adamw,0.0001270500735408539,1.0,,,,,,,,,,CIFAR100,42
random_search,3,0.00027598230915285764,128,1,16,128,128,5,0.13893567083582092,64,0.1842,3.570847300720215,0.1764,3.5914063064575195,26.93948221206665,276404,sgd,2.0259598275933324e-06,1.0,,,,,,,,,,CIFAR100,42
random_search,4,0.0001561107296769821,128,3,32,32,256,5,0.26811404572735037,128,0.4094,2.2458631401062013,0.4147,2.231094610595703,65.99861359596252,2461636,adam,4.5302471291184675e-05,1.0,,,,,,,,,,CIFAR100,42
random_search,5,0.001427921361121902,32,1,64,32,128,3,0.42765886050757346,64,0.2228,3.1863302516937257,0.2293,3.189028756713867,58.8776969909668,1094116,sgd,6.822142856256232e-06,1.0,,,,,,,,,,CIFAR100,42
random_search,6,0.00021149893961648075,128,1,64,64,256,3,0.3045655028334941,64,0.2626,3.0307727355957033,0.2666,3.0404403984069823,28.532503843307495,1093860,adamw,0.00015395024835516638,0.0,,,,,,,,,,CIFAR100,42
random_search,7,0.0008404665310526154,128,3,64,128,64,5,0.4214259600949048,64,0.3606,2.429453730773926,0.3656,2.400130621337891,99.11092591285706,1102436,adam,0.0002920167626720552,1.0,,,,,,,,,,CIFAR100,42
random_search,8,0.0006343509199762545,32,1,64,128,128,3,0.32771933264744,128,0.0432,4.202884275817871,0.0493,4.201049604797364,63.18730306625366,2149156,adamw,2.379882731492451e-05,1.0,,,,,,,,,,CIFAR100,42
random_search,9,0.00019022195423001629,128,3,64,64,256,5,0.18099822185680547,64,0.2984,2.8522569091796877,0.2987,2.8337255462646485,92.84379935264587,2629476,adamw,3.0237613021454307e-05,0.0,,,,,,,,,,CIFAR100,42
random_search,10,0.005274797835850612,64,3,16,128,128,3,0.19238365583725003,256,0.1472,3.5821823791503906,0.1498,3.581159671020508,46.14494967460632,1014324,sgd,3.866722765081481e-05,0.0,,,,,,,,,,CIFAR100,42
random_search,11,0.0022938595363362463,32,3,64,64,256,5,0.05577608679793822,128,0.195,3.294130906677246,0.2003,3.2969700702667235,130.5742950439453,2899620,adam,2.2970535457474088e-05,1.0,,,,,,,,,,CIFAR100,42
random_search,12,0.008785696523496332,64,3,16,128,128,3,0.0764196342748174,64,0.0122,4.6070762001037595,0.01,4.60654376449585,47.17565178871155,601716,adamw,0.000725269213838676,0.0,,,,,,,,,,CIFAR100,42
random_search,13,0.0015772087178392035,256,1,16,64,128,3,0.028962583247093776,256,0.336,2.684899341583252,0.3436,2.6531302452087404,24.94195246696472,1077364,adam,1.8070091688765019e-06,1.0,,,,,,,,,,CIFAR100,42
random_search,14,0.00428594414383087,64,1,64,64,256,3,0.13252831447002955,256,0.3406,2.642610592842102,0.3407,2.635764033126831,37.24195957183838,4258980,sgd,0.0007817874924482802,0.0,,,,,,,,,,CIFAR100,42
random_search,15,0.0026662320560911917,256,3,64,64,128,5,0.06050209793413286,64,0.223,3.1906619354248047,0.2219,3.204169623184204,67.62097072601318,1064548,adam,1.0333719919396349e-05,0.0,,,,,,,,,,CIFAR100,42
random_search,16,0.001502727481746676,32,1,64,128,64,3,0.03370016405515375,64,0.293,2.830302815628052,0.2968,2.8416455978393556,59.671390771865845,1093860,sgd,1.6314435440561296e-06,0.0,,,,,,,,,,CIFAR100,42
random_search,17,0.00036054089121966335,256,1,64,32,256,5,0.12149862119786226,128,0.0698,4.294643067932129,0.0661,4.307089189147949,44.416481256484985,2217508,sgd,3.7258875470092987e-06,0.0,,,,,,,,,,CIFAR100,42
random_search,18,0.0020795314796063537,128,2,32,64,256,3,0.33668227364665076,256,0.3304,2.581333115386963,0.3367,2.5604475639343263,36.709789991378784,1140484,adam,1.5199805205200254e-06,1.0,,,,,,,,,,CIFAR100,42
random_search,19,0.003991949344645287,32,1,16,32,256,5,0.07009114854738724,64,0.3014,2.8099410942077636,0.3072,2.846723568725586,60.21882128715515,276340,sgd,2.4427791540672388e-05,0.0,,,,,,,,,,CIFAR100,42
random_search,20,0.0007695936756467131,32,1,64,128,64,3,0.4631834915040638,64,0.074,4.003507124328613,0.0757,4.0196982151031495,64.56811785697937,1094116,adam,1.6566935211847058e-05,1.0,,,,,,,,,,CIFAR100,42
random_search,21,0.00026760523091972797,256,1,16,64,64,5,0.13260152908607598,128,0.1506,3.758222500228882,0.152,3.774152352523804,24.07131552696228,545012,sgd,1.8579005272228173e-05,1.0,,,,,,,,,,CIFAR100,42
random_search,22,0.00020398284774456553,128,1,16,128,256,3,0.37398778018953205,64,0.186,3.472956460571289,0.1823,3.489023406982422,25.692461013793945,271476,adam,5.656304529493126e-05,0.0,,,,,,,,,,CIFAR100,42
random_search,23,0.00012994487612816188,32,1,16,128,64,3,0.20188777565913874,256,0.2674,3.0301580410003663,0.2637,3.0347376136779785,55.16538715362549,1077300,adam,5.454527962833615e-05,0.0,,,,,,,,,,CIFAR100,42
random_search,24,0.0017328581795201504,256,3,64,128,256,5,0.4673531288682136,64,0.0096,4.606486895751953,0.01,4.606144757080078,109.18357682228088,3448804,adamw,0.00014079116492836285,0.0,,,,,,,,,,CIFAR100,42
random_search,25,0.0003398044211072356,64,3,64,64,128,5,0.4645091658527571,64,0.2286,3.149141562652588,0.2305,3.1497432693481446,77.93949389457703,1064548,adam,2.37059065390971e-05,0.0,,,,,,,,,,CIFAR100,42
random_search,26,0.00014012687673580873,64,3,32,32,128,3,0.4396351212422714,128,0.039,4.35663572845459,0.0413,4.351953302764892,49.35951614379883,489156,sgd,2.973312092018668e-06,1.0,,,,,,,,,,CIFAR100,42
random_search,27,0.0016724591984196078,32,3,64,64,256,3,0.46946500196355195,64,0.1138,3.8463126541137695,0.1053,3.8709986114501955,74.4447295665741,1119076,sgd,2.219657728027214e-06,0.0,,,,,,,,,,CIFAR100,42
random_search,28,0.0030537492123328632,64,2,32,128,64,5,0.10179865616372646,256,0.499,1.919920502471924,0.5075,1.9056134605407715,73.54013299942017,2664068,sgd,3.28266960765393e-05,1.0,,,,,,,,,,CIFAR100,42
random_search,29,0.006466555095709448,32,1,64,64,128,3,0.00177284454389115,64,0.0108,4.607619652557373,0.01,4.606915033721924,60.910118103027344,1093860,adamw,0.0008697488465948366,0.0,,,,,,,,,,CIFAR100,42
random_search,30,0.003037119055767821,256,3,16,32,64,3,0.27279514460276116,128,0.312,2.6343100868225098,0.3146,2.6315316078186037,26.996896266937256,216628,adamw,4.545433309988478e-05,1.0,,,,,,,,,,CIFAR100,42
random_search,31,0.00017984196476608503,128,2,16,64,64,3,0.3334667053177715,128,0.293,2.8385440002441404,0.3031,2.837400638580322,32.8174102306366,586612,adamw,0.0004491631349569214,1.0,,,,,,,,,,CIFAR100,42
random_search,32,0.008864904171112919,64,1,16,32,128,3,0.0896803317091035,128,0.3042,2.8228537364959716,0.2994,2.8200628414154054,37.172396421432495,540084,sgd,0.00025509703851798045,0.0,,,,,,,,,,CIFAR100,42
random_search,33,0.0003416735965431238,32,2,16,64,64,3,0.4082933027984645,128,0.0286,4.586495303344726,0.0304,4.585584007263184,62.67214560508728,586292,sgd,8.233274629789769e-06,0.0,,,,,,,,,,CIFAR100,42
random_search,34,0.0002791560820688288,64,2,32,64,64,5,0.1755730645413761,256,0.3254,2.7016052734375,0.3238,2.709156427383423,53.77989983558655,1256708,sgd,0.00010928343947215599,1.0,,,,,,,,,,CIFAR100,42
random_search,35,0.00755917292840472,32,2,16,128,128,3,0.05420127360735555,128,0.4352,2.215597777557373,0.4386,2.1932919023513793,70.18568086624146,1231092,sgd,0.0001533328408098318,1.0,,,,,,,,,,CIFAR100,42
random_search,36,0.0007460840708299174,32,2,64,32,128,3,0.3543926419170853,64,0.2962,2.817272291946411,0.2899,2.8507670188903806,64.05127763748169,204068,adamw,0.0005980334779460784,0.0,,,,,,,,,,CIFAR100,42
random_search,37,0.0005351098478647973,32,3,32,128,128,3,0.3598771315069751,128,0.332,2.532728895187378,0.3434,2.5029400993347166,92.47924089431763,766212,adamw,8.469426171992905e-06,1.0,,,,,,,,,,CIFAR100,42
random_search,38,0.00044912353099658107,128,3,16,32,128,5,0.33865897263636646,64,0.2964,2.742961217880249,0.2878,2.7554388381958006,41.385268449783325,696692,adamw,5.0970132738480324e-05,1.0,,,,,,,,,,CIFAR100,42
random_search,39,0.0012470228926784975,32,2,32,32,128,5,0.2324940951235071,128,0.3238,2.633133132171631,0.3176,2.651212731933594,102.13241124153137,354756,adamw,4.3762709514415465e-06,1.0,,,,,,,,,,CIFAR100,42
random_search,40,0.0038678604641895547,64,3,16,64,256,5,0.046693600037781335,64,0.011,4.606532548522949,0.01,4.605503425598145,74.10040593147278,2452980,adamw,8.536078353861906e-06,0.0,,,,,,,,,,CIFAR100,42
random_search,41,0.00019710966711513787,32,1,32,128,64,5,0.20722050549885968,256,0.3842,2.413637240219116,0.388,2.401708332824707,70.50953340530396,2151300,adamw,3.830943176310784e-06,1.0,,,,,,,,,,CIFAR100,42
random_search,42,0.0009744382833617107,64,1,64,128,64,3,0.3892102033836625,64,0.1002,3.8453111114501954,0.1029,3.8597017509460447,44.595623254776,1094116,adam,0.00025842205071749565,1.0,,,,,,,,,,CIFAR100,42
random_search,43,0.00012601921508842803,64,1,32,32,128,5,0.47501980422157797,128,0.3106,2.7985573280334473,0.3093,2.850418951797485,42.17873167991638,1089796,adamw,0.0002786246410529935,1.0,,,,,,,,,,CIFAR100,42
random_search,44,0.004582878457156123,256,1,64,64,128,5,0.37588839325025575,256,0.3654,2.481166881942749,0.3692,2.4670916484832763,53.167033672332764,4327844,sgd,0.0001983540411169895,1.0,,,,,,,,,,CIFAR100,42
random_search,45,0.0017926556488466485,128,2,16,128,128,3,0.1358575535410923,128,0.3368,2.6195746505737305,0.3407,2.5972000843048098,30.552099466323853,1230516,adamw,1.7447490598201684e-06,0.0,,,,,,,,,,CIFAR100,42
random_search,46,0.0002900834550454762,64,3,16,32,128,5,0.16544069551904178,128,0.278,2.950489875793457,0.2767,2.952572300720215,52.055535316467285,834228,sgd,1.5374363031323616e-06,1.0,,,,,,,,,,CIFAR100,42
random_search,47,0.0006011095466080208,32,3,32,64,64,5,0.14930632618619172,128,0.0198,4.482374452209473,0.0211,4.4840075920104985,78.61250019073486,530820,sgd,4.117766374231031e-05,0.0,,,,,,,,,,CIFAR100,42
random_search,48,0.0009472376574359649,128,2,32,32,128,5,0.33443681031145855,128,0.2978,2.7926396564483644,0.2937,2.797109603881836,41.34476065635681,354756,adamw,3.127045450535841e-06,1.0,,,,,,,,,,CIFAR100,42
random_search,49,0.006903721149652397,32,2,64,128,256,3,0.04197373108100011,128,0.0108,4.607065553283691,0.01,4.609556982421875,85.09824585914612,1321764,adam,0.00039861539419991756,0.0,,,,,,,,,,CIFAR100,42
random_search,50,0.00012605766751553566,256,2,16,64,128,5,0.38061485394701355,128,0.0542,4.364305902099609,0.0536,4.362670343017578,31.769036293029785,673396,sgd,0.0001803140095473306,1.0,,,,,,,,,,CIFAR100,42
ga,1,0.0019004375238737116,32,3,32,32,64,3,0.3682356070820062,256,0.1988,3.368139818572998,0.1944,3.3731013206481935,93.1550760269165,372164,adamw,0.0001,0.0,1.0,1.0,,,,,,,,CIFAR100,42
ga,2,0.0015169980582701848,32,1,16,32,64,3,0.2806225314693065,256,0.2756,3.0153750213623045,0.2602,3.030326940917969,59.66080188751221,1077364,adamw,0.0001,1.0,1.0,2.0,,,,,,,,CIFAR100,42
ga,3,0.00027598230915285764,128,1,16,128,128,5,0.13893567083582092,64,0.184,3.5683518733978272,0.1764,3.5889137886047364,26.53150701522827,276404,sgd,1e-06,1.0,1.0,3.0,,,,,,,,CIFAR100,42
ga,4,0.0001561107296769821,128,3,32,32,256,5,0.26811404572735037,128,0.4034,2.2695584785461427,0.4123,2.2444970146179197,68.9018874168396,2461636,adam,1e-05,1.0,1.0,4.0,,,,,,,,CIFAR100,42
ga,5,0.001427921361121902,32,1,64,32,128,3,0.42765886050757346,64,0.2424,3.1385779472351074,0.2398,3.157008473968506,55.45811438560486,1094116,sgd,1e-05,1.0,1.0,5.0,,,,,,,,CIFAR100,42
ga,6,0.0001561107296769821,128,3,32,32,256,5,0.26811404572735037,128,0.4034,2.2695584785461427,0.4123,2.2444970146179197,66.94861626625061,2461636,adam,1e-05,1.0,2.0,1.0,,,,,,,,CIFAR100,42
ga,7,0.004074662116555786,256,1,16,32,64,3,0.2806225314693065,256,0.3382,2.6321833992004393,0.3384,2.6464111881256103,23.574320316314697,1077364,sgd,0.0001,1.0,2.0,2.0,,,,,,,,CIFAR100,42
ga,8,0.00020716458231041012,32,1,16,32,256,5,0.2538408373021626,256,0.3776,2.4209803216934205,0.377,2.4448407093048097,57.02060604095459,1082228,adam,0.0001,1.0,2.0,3.0,,,,,,,,CIFAR100,42
ga,9,0.0001561107296769821,128,3,64,64,64,5,0.26811404572735037,128,0.4246,2.1630216274261476,0.4311,2.1371248317718505,72.52633023262024,662052,adam,1e-05,1.0,2.0,4.0,,,,,,,,CIFAR100,42
ga,10,0.0001561107296769821,128,3,16,32,256,5,0.26811404572735037,128,0.1248,3.9028789562225343,0.1236,3.9030628982543947,53.60606670379639,2428340,sgd,1e-05,1.0,2.0,5.0,,,,,,,,CIFAR100,42
ga,11,0.0001561107296769821,128,3,64,64,64,5,0.26811404572735037,128,0.4246,2.1630216274261476,0.4311,2.1371248317718505,74.68090844154358,662052,adam,1e-05,1.0,3.0,1.0,,,,,,,,CIFAR100,42
ga,12,0.0001561107296769821,128,3,64,32,64,5,0.26811404572735037,128,0.3868,2.3716138648986815,0.3833,2.3461386962890627,66.17684078216553,482660,adam,1e-05,1.0,3.0,2.0,,,,,,,,CIFAR100,42
ga,13,0.0001561107296769821,256,3,64,64,64,5,0.26811404572735037,128,0.4202,2.2286536293029786,0.4114,2.220113479232788,70.92586398124695,662052,adam,1e-05,1.0,3.0,3.0,,,,,,,,CIFAR100,42
ga,14,0.0001561107296769821,128,3,64,64,64,5,0.26811404572735037,64,0.4078,2.2451481048583983,0.4089,2.2394155834197997,76.494784116745,590052,adam,1e-06,1.0,3.0,4.0,,,,,,,,CIFAR100,42
ga,15,0.0001561107296769821,256,3,32,32,256,5,0.26811404572735037,128,0.3778,2.429809381866455,0.3796,2.405466349411011,66.67851901054382,2461636,adam,1e-05,1.0,3.0,5.0,,,,,,,,CIFAR100,42
ga,16,0.0001561107296769821,128,3,64,64,64,5,0.26811404572735037,128,0.4246,2.1630216274261476,0.4311,2.1371248317718505,75.00529670715332,662052,adam,1e-05,1.0,4.0,1.0,,,,,,,,CIFAR100,42
ga,17,0.0001561107296769821,128,3,64,64,64,5,0.26811404572735037,128,0.4246,2.1630216274261476,0.4311,2.1371248317718505,74.59899258613586,662052,adam,1e-05,1.0,4.0,2.0,,,,,,,,CIFAR100,42
ga,18,0.0001561107296769821,64,3,64,64,64,5,0.26811404572735037,128,0.4432,2.0701087678909302,0.4501,2.0322852336883543,81.22581481933594,662052,adam,1e-05,1.0,4.0,3.0,,,,,,,,CIFAR100,42
ga,19,0.0001561107296769821,256,3,64,64,64,5,0.26811404572735037,128,0.0592,4.32539076538086,0.0668,4.331773507690429,71.21500849723816,662052,sgd,1e-05,1.0,4.0,4.0,,,,,,,,CIFAR100,42
ga,20,0.0001561107296769821,256,3,64,64,64,5,0.26811404572735037,128,0.0592,4.32539076538086,0.0668,4.331773507690429,73.29338479042053,662052,sgd,1e-05,1.0,4.0,5.0,,,,,,,,CIFAR100,42
ga,21,0.0001561107296769821,64,3,64,64,64,5,0.26811404572735037,128,0.4432,2.0701087678909302,0.4501,2.0322852336883543,81.02541065216064,662052,adam,1e-05,1.0,5.0,1.0,,,,,,,,CIFAR100,42
ga,22,0.0001561107296769821,64,3,64,64,64,5,0.26811404572735037,128,0.4432,2.0701087678909302,0.4501,2.0322852336883543,81.64617490768433,662052,adam,1e-05,1.0,5.0,2.0,,,,,,,,CIFAR100,42
ga,23,0.0001561107296769821,128,2,64,64,64,5,0.26811404572735037,128,0.4336,2.1593047969818113,0.4268,2.1619509143829347,68.25071620941162,850084,adam,1e-05,1.0,5.0,3.0,,,,,,,,CIFAR100,42
ga,24,0.0001561107296769821,128,3,64,64,128,5,0.3622925005465258,128,0.4318,2.1397957359313966,0.4315,2.1306365631103517,81.37032985687256,1203108,adam,1e-05,1.0,5.0,4.0,,,,,,,,CIFAR100,42
ga,25,0.0001561107296769821,128,3,64,64,64,5,0.26811404572735037,128,0.4246,2.1630216274261476,0.4311,2.1371248317718505,74.9839723110199,662052,adam,1e-05,1.0,5.0,5.0,,,,,,,,CIFAR100,42
ga,26,0.0001561107296769821,64,3,64,64,64,5,0.26811404572735037,128,0.4432,2.0701087678909302,0.4501,2.0322852336883543,83.37994694709778,662052,adam,1e-05,1.0,6.0,1.0,,,,,,,,CIFAR100,42
ga,27,0.0001561107296769821,64,3,64,64,64,5,0.26811404572735037,128,0.4432,2.0701087678909302,0.4501,2.0322852336883543,90.06059408187866,662052,adam,1e-05,1.0,6.0,2.0,,,,,,,,CIFAR100,42
ga,28,0.0001561107296769821,64,3,64,64,64,5,0.26811404572735037,128,0.4432,2.0701087678909302,0.4501,2.0322852336883543,92.74698519706726,662052,adam,1e-05,1.0,6.0,3.0,,,,,,,,CIFAR100,42
ga,29,0.0001561107296769821,64,3,64,64,64,5,0.26811404572735037,256,0.182,3.4975179763793944,0.183,3.5008274658203127,89.37625002861023,806052,sgd,1e-05,1.0,6.0,4.0,,,,,,,,CIFAR100,42
ga,30,0.0001561107296769821,256,2,64,128,64,5,0.26811404572735037,256,0.4588,2.0612861721038818,0.4671,2.0505397270202637,92.90493512153625,2845860,adamw,1e-05,1.0,6.0,5.0,,,,,,,,CIFAR100,42
ga,31,0.0001561107296769821,256,2,64,128,64,5,0.26811404572735037,256,0.4588,2.0612861721038818,0.4671,2.0505397270202637,94.60722494125366,2845860,adamw,1e-05,1.0,7.0,1.0,,,,,,,,CIFAR100,42
ga,32,0.009050560095791584,64,3,64,128,128,5,0.26811404572735037,128,0.01,4.606244786834717,0.01,4.60659750213623,120.04595184326172,1817892,adamw,1e-05,1.0,7.0,2.0,,,,,,,,CIFAR100,42
ga,33,0.0001561107296769821,64,2,64,128,64,5,0.26811404572735037,256,0.4856,1.9289957834243774,0.4866,1.915168176651001,120.95973491668701,2845860,adam,1e-05,1.0,7.0,3.0,,,,,,,,CIFAR100,42
ga,34,0.0001561107296769821,256,2,64,128,64,5,0.23416569442634766,256,0.4594,2.033498165130615,0.4707,2.0140223548889162,93.27603244781494,2845860,adamw,1e-05,1.0,7.0,4.0,,,,,,,,CIFAR100,42
ga,35,0.0001561107296769821,256,3,64,64,64,5,0.26811404572735037,256,0.4272,2.1491860023498535,0.4327,2.134514661026001,81.30732369422913,806052,adam,1e-05,1.0,7.0,5.0,,,,,,,,CIFAR100,42
ga,36,0.0001561107296769821,64,2,64,128,64,5,0.26811404572735037,256,0.4856,1.9289957834243774,0.4866,1.915168176651001,109.02233028411865,2845860,adam,1e-05,1.0,8.0,1.0,,,,,,,,CIFAR100,42
ga,37,0.0001561107296769821,64,2,64,128,256,5,0.4065264905605295,256,0.3846,2.4008427436828614,0.3946,2.4027207138061524,99.35675096511841,2845092,adam,1e-05,0.0,8.0,2.0,,,,,,,,CIFAR100,42
ga,38,0.009935128993520713,64,2,64,128,64,5,0.26811404572735037,256,0.0986,3.903599265289307,0.0957,3.9269349716186523,103.09003639221191,2845860,adam,0.0001,1.0,8.0,3.0,,,,,,,,CIFAR100,42
ga,39,0.0001561107296769821,256,2,64,128,64,5,0.23416569442634766,256,0.4684,2.0144993843078614,0.4764,1.9945911323547363,96.50688552856445,2845860,adam,1e-05,1.0,8.0,4.0,,,,,,,,CIFAR100,42
ga,40,0.0001561107296769821,64,3,64,128,64,5,0.26811404572735037,64,0.2734,2.9307419563293458,0.2812,2.9136985382080076,112.91224455833435,1101412,adam,0.0001,0.0,8.0,5.0,,,,,,,,CIFAR100,42
ga,41,0.0001561107296769821,64,2,64,128,64,5,0.26811404572735037,256,0.4856,1.9289957834243774,0.4866,1.915168176651001,113.5086874961853,2845860,adam,1e-05,1.0,9.0,1.0,,,,,,,,CIFAR100,42
ga,42,0.0001561107296769821,32,2,64,128,64,5,0.38208044788062384,256,0.3438,2.619703448486328,0.3419,2.634951258850098,140.05574893951416,2845860,sgd,1e-06,1.0,9.0,2.0,,,,,,,,CIFAR100,42
ga,43,0.0001561107296769821,32,2,64,128,64,3,0.16653431124656598,256,0.477,1.9384581005096435,0.4784,1.9423088981628418,97.68678832054138,2384036,adam,1e-05,1.0,9.0,3.0,,,,,,,,CIFAR100,42
ga,44,0.0001561107296769821,64,2,64,128,64,5,0.4065264905605295,256,0.3846,2.4008427436828614,0.3946,2.4027207138061524,103.89713215827942,2845092,adam,1e-05,0.0,9.0,4.0,,,,,,,,CIFAR100,42
ga,45,0.0001561107296769821,64,3,64,128,64,5,0.26811404572735037,256,0.4942,1.904871842098236,0.49,1.8760857109069824,118.44481492042542,1318436,adam,1e-05,1.0,9.0,5.0,,,,,,,,CIFAR100,42
ga,46,0.0001561107296769821,64,3,64,128,64,5,0.26811404572735037,256,0.4942,1.904871842098236,0.49,1.8760857109069824,118.58767247200012,1318436,adam,1e-05,1.0,10.0,1.0,,,,,,,,CIFAR100,42
ga,47,0.004884912370184711,64,3,64,128,64,5,0.26811404572735037,256,0.3308,2.615528372192383,0.325,2.605465872192383,117.2603816986084,1318436,adam,1e-05,1.0,10.0,2.0,,,,,,,,CIFAR100,42
ga,48,0.0001561107296769821,128,2,64,128,64,5,0.26811404572735037,256,0.4774,1.943691556930542,0.4863,1.9272115726470946,99.41227126121521,2845860,adam,1e-05,1.0,10.0,3.0,,,,,,,,CIFAR100,42
ga,49,0.0012520119984613845,64,3,64,128,64,5,0.26811404572735037,128,0.4164,2.183343327331543,0.4117,2.1949469230651855,119.03334045410156,1174436,adam,1e-05,1.0,10.0,4.0,,,,,,,,CIFAR100,42
ga,50,0.00018484988286996258,64,3,64,128,64,5,0.26811404572735037,256,0.5022,1.8229941596984864,0.5051,1.7861668758392335,117.83544516563416,1318436,adam,1e-05,1.0,10.0,5.0,,,,,,,,CIFAR100,42
pso,1,0.00643032530473305,64,2,64,64,128,3,0.3249422188897616,128,0.121,3.763271712112427,0.1215,3.771925262451172,53.1216926574707,649892,adamw,0.001,0.0,,,1.0,1.0,,,,,,CIFAR100,42
pso,2,0.009576409414847133,64,3,64,64,128,3,0.4308534501553886,256,0.0102,4.607398862457275,0.01,4.608059851074219,62.19144797325134,884260,adam,0.0001,0.0,,,1.0,2.0,,,,,,CIFAR100,42
pso,3,0.006393275998217563,128,2,32,32,64,3,0.2784748718873231,256,0.0108,4.606431114959717,0.01,4.605683869934082,34.891764402389526,578884,adam,0.0001,0.0,,,1.0,3.0,,,,,,CIFAR100,42
pso,4,0.008776039502079423,128,3,32,64,128,3,0.4987688032475551,64,0.0108,4.606925541687012,0.01,4.60599030456543,39.97433114051819,424644,adam,0.001,0.0,,,1.0,4.0,,,,,,CIFAR100,42
pso,5,0.009961601664376958,256,1,32,64,64,3,0.43792647018909703,128,0.0106,4.606619924926758,0.01,4.605733125305176,30.43032431602478,1071876,adamw,0.0001,1.0,,,1.0,5.0,,,,,,CIFAR100,42
pso,6,0.005771990211471666,64,3,64,64,128,3,0.32808812253198677,128,0.0216,4.422662768554687,0.0237,4.420522392272949,59.95686936378479,609188,sgd,0.001,0.0,,,2.0,1.0,,,,,,CIFAR100,42
pso,7,0.008350427001335215,64,3,64,64,128,3,0.40128285882332104,128,0.013,4.606710704803467,0.01,4.606988395690918,56.7529571056366,609188,adamw,0.0001,0.0,,,2.0,2.0,,,,,,CIFAR100,42
pso,8,0.006213286491628666,64,3,64,64,128,3,0.2982576955117034,128,0.0146,4.605281294250489,0.0185,4.604216284179688,59.131651401519775,609188,sgd,0.001,0.0,,,2.0,3.0,,,,,,CIFAR100,42
pso,9,0.005270607208651238,64,3,64,64,128,3,0.48414705685548226,128,0.013,4.606128413391113,0.01,4.60598671875,60.44098114967346,609188,adamw,0.001,0.0,,,2.0,4.0,,,,,,CIFAR100,42
pso,10,0.006196606907994659,128,2,64,64,128,3,0.38987076260797054,64,0.0108,4.60647844543457,0.01,4.605552772521973,40.21650457382202,381284,adamw,0.0001,0.0,,,2.0,5.0,,,,,,CIFAR100,42
pso,11,0.00630151928329834,128,2,64,64,128,3,0.32087825772345224,128,0.0116,4.606234542846679,0.01,4.6056686187744145,40.04609441757202,649892,adamw,0.001,0.0,,,3.0,1.0,,,,,,CIFAR100,42
pso,12,0.005465937006195441,128,3,64,64,128,3,0.3113238008212867,64,0.1008,3.8884561431884768,0.0934,3.908317135620117,49.0807945728302,471652,adamw,0.001,0.0,,,3.0,2.0,,,,,,CIFAR100,42
pso,13,0.006177369358147027,64,3,64,64,128,3,0.3354216572661788,128,0.013,4.606269905853272,0.01,4.606269122314453,57.55487656593323,609188,adamw,0.001,0.0,,,3.0,3.0,,,,,,CIFAR100,42
pso,14,0.0029956220380733447,32,2,64,64,64,3,0.2516262459096677,128,0.15,3.469515599060059,0.1519,3.4691860256195066,96.62670850753784,650404,adamw,0.001,1.0,,,3.0,4.0,,,,,,CIFAR100,42
pso,15,0.0038473875469142885,128,3,64,64,128,3,0.3040082073582278,64,0.1408,3.6694395099639894,0.1341,3.698901125335693,46.420719623565674,471652,adamw,0.001,0.0,,,3.0,5.0,,,,,,CIFAR100,42
pso,16,0.005257473666294693,64,2,64,64,64,3,0.31078288444119856,128,0.0116,4.606311204528809,0.01,4.605870703125,55.383660554885864,649892,adamw,0.001,0.0,,,4.0,1.0,,,,,,CIFAR100,42
pso,17,0.002351251801293074,64,2,64,64,64,3,0.20671447318907443,64,0.1144,3.6347889068603516,0.114,3.6605454872131347,59.431883573532104,381796,adamw,0.001,1.0,,,4.0,2.0,,,,,,CIFAR100,42
pso,18,0.004586600996458204,32,3,64,64,128,3,0.2630705186368759,128,0.013,4.6064064392089845,0.01,4.606371697235107,100.77120208740234,610212,adamw,0.001,1.0,,,4.0,3.0,,,,,,CIFAR100,42
pso,19,0.0014031324186688195,32,2,64,64,64,3,0.08886167824759753,128,0.3138,2.5946558958053587,0.3075,2.629774824523926,86.95569086074829,650404,adamw,0.001,1.0,,,4.0,4.0,,,,,,CIFAR100,42
pso,20,0.001536896193659857,32,3,64,64,64,3,0.2012698649182549,64,0.1938,3.09698162689209,0.197,3.094664904022217,110.98693943023682,259300,adamw,0.001,1.0,,,4.0,5.0,,,,,,CIFAR100,42
pso,21,0.005161749226669391,32,2,64,64,64,3,0.08478119963139247,128,0.1834,3.2542091987609862,0.1819,3.245610341644287,89.85524368286133,650404,adamw,0.001,1.0,,,5.0,1.0,,,,,,CIFAR100,42
pso,22,0.0001,32,2,64,32,64,3,0.03812988018301425,64,0.4186,2.217872162246704,0.4243,2.2264283779144285,88.33057045936584,204452,adamw,0.001,1.0,,,5.0,2.0,,,,,,CIFAR100,42
pso,23,0.0027951343467019136,32,3,64,64,64,3,0.21142014323918473,128,0.3914,2.2831633193969725,0.3912,2.2904832424163817,102.04157304763794,331300,adam,0.0001,1.0,,,5.0,3.0,,,,,,CIFAR100,42
pso,24,0.00028838968508565206,32,2,64,64,64,3,0.0,128,0.4642,2.0400516228675842,0.4662,2.0277581581115722,88.31700420379639,650404,adamw,0.001,1.0,,,5.0,4.0,,,,,,CIFAR100,42
pso,25,0.0001,32,2,64,64,64,3,0.09869259229895264,128,0.4634,2.00843941783905,0.4665,2.007080651855469,92.82496404647827,650404,adamw,0.001,1.0,,,5.0,5.0,,,,,,CIFAR100,42
pso,26,0.0001,32,2,64,64,64,3,0.0,128,0.4584,2.06422020740509,0.4666,2.0601966190338135,89.75783658027649,650404,adamw,0.001,1.0,,,6.0,1.0,,,,,,CIFAR100,42
pso,27,0.0001,32,2,64,32,64,3,0.0,128,0.4302,2.2204699310302733,0.431,2.1931675884246826,83.44776606559753,341988,adamw,0.001,1.0,,,6.0,2.0,,,,,,CIFAR100,42
pso,28,0.0001,32,2,64,32,64,3,0.13770031108632227,128,0.445,2.135459999847412,0.4402,2.1378503719329833,87.50192737579346,341988,adam,0.0001,1.0,,,6.0,3.0,,,,,,CIFAR100,42
pso,29,0.0001,32,2,64,64,64,3,0.0,128,0.4584,2.06422020740509,0.4666,2.0601966190338135,84.26071763038635,650404,adamw,0.001,1.0,,,6.0,4.0,,,,,,CIFAR100,42
pso,30,0.0001,32,2,64,64,64,3,0.0,256,0.4816,2.015028105545044,0.4718,2.037077003479004,87.88598918914795,1187620,adamw,0.001,1.0,,,6.0,5.0,,,,,,CIFAR100,42
pso,31,0.0001,32,1,64,64,64,3,0.0,128,0.3602,2.5860727729797364,0.3569,2.5858386951446533,71.32210898399353,2149156,adamw,0.001,1.0,,,7.0,1.0,,,,,,CIFAR100,42
pso,32,0.0001,32,2,64,64,64,3,0.0,256,0.4816,2.015028105545044,0.4718,2.037077003479004,89.00941038131714,1187620,adamw,0.001,1.0,,,7.0,2.0,,,,,,CIFAR100,42
pso,33,0.0001,32,1,64,64,64,3,0.0,256,0.3962,2.44214130153656,0.3864,2.4727477264404296,74.76797580718994,4259236,adam,0.001,1.0,,,7.0,3.0,,,,,,CIFAR100,42
pso,34,0.0001,32,1,64,64,64,3,0.0,128,0.3602,2.5860727729797364,0.3569,2.5858386951446533,76.33998703956604,2149156,adamw,0.001,1.0,,,7.0,4.0,,,,,,CIFAR100,42
pso,35,0.0001,32,1,64,64,64,3,0.0,256,0.3906,2.4541281282424925,0.3886,2.4899638862609863,85.10085272789001,4259236,adamw,0.001,1.0,,,7.0,5.0,,,,,,CIFAR100,42
pso,36,0.0001,32,2,64,64,64,3,0.0,128,0.4584,2.06422020740509,0.4666,2.0601966190338135,91.37090373039246,650404,adamw,0.001,1.0,,,8.0,1.0,,,,,,CIFAR100,42
pso,37,0.0001,32,1,64,64,64,3,0.0,256,0.3906,2.4541281282424925,0.3886,2.4899638862609863,80.86560606956482,4259236,adamw,0.001,1.0,,,8.0,2.0,,,,,,CIFAR100,42
pso,38,0.0001,32,1,64,64,64,3,0.09229674535507283,256,0.3862,2.4079292594909667,0.3891,2.4197527141571045,80.39917945861816,4259236,adamw,0.001,1.0,,,8.0,3.0,,,,,,CIFAR100,42
pso,39,0.0001,32,2,64,64,64,3,0.0,128,0.4584,2.06422020740509,0.4666,2.0601966190338135,95.27487373352051,650404,adamw,0.001,1.0,,,8.0,4.0,,,,,,CIFAR100,42
pso,40,0.0001,32,2,64,64,64,3,0.0,128,0.4584,2.06422020740509,0.4666,2.0601966190338135,90.65940856933594,650404,adamw,0.001,1.0,,,8.0,5.0,,,,,,CIFAR100,42
pso,41,0.0001,32,2,64,64,64,3,0.0,256,0.4816,2.015028105545044,0.4718,2.037077003479004,91.54994344711304,1187620,adamw,0.001,1.0,,,9.0,1.0,,,,,,CIFAR100,42
pso,42,0.0001,32,1,64,64,64,3,0.0,256,0.3906,2.4541281282424925,0.3886,2.4899638862609863,82.68340396881104,4259236,adamw,0.001,1.0,,,9.0,2.0,,,,,,CIFAR100,42
pso,43,0.0001,32,2,64,64,64,3,0.17064791116120437,128,0.4458,2.0948621185302736,0.4459,2.0885712730407713,93.46785807609558,650404,adamw,0.001,1.0,,,9.0,3.0,,,,,,CIFAR100,42
pso,44,0.00019752391598185424,32,2,64,64,64,3,0.0,128,0.4718,2.0031491123199463,0.4777,2.040938754272461,89.30725336074829,650404,adamw,0.001,1.0,,,9.0,4.0,,,,,,CIFAR100,42
pso,45,0.0001,32,2,64,64,64,3,0.0,128,0.4584,2.06422020740509,0.4666,2.0601966190338135,97.06384468078613,650404,adamw,0.001,1.0,,,9.0,5.0,,,,,,CIFAR100,42
pso,46,0.0001,32,3,64,64,64,3,0.0,256,0.4708,1.9973718572616577,0.4728,1.9811598957061767,110.89583349227905,475300,adamw,0.001,1.0,,,10.0,1.0,,,,,,CIFAR100,42
pso,47,0.0001,32,2,64,64,64,3,0.0,128,0.4584,2.06422020740509,0.4666,2.0601966190338135,95.81899070739746,650404,adamw,0.001,1.0,,,10.0,2.0,,,,,,CIFAR100,42
pso,48,0.0001,32,3,64,64,64,3,0.13823394640721948,128,0.4612,2.017678506851196,0.4607,1.9883164562225342,120.13534927368164,331300,adamw,0.001,1.0,,,10.0,3.0,,,,,,CIFAR100,42
pso,49,0.00022598585489051455,32,2,64,64,64,3,0.0,128,0.4692,2.0201811916351318,0.4719,2.0159288970947267,97.41810464859009,650404,adamw,0.001,1.0,,,10.0,4.0,,,,,,CIFAR100,42
pso,50,0.0001,32,1,64,64,64,3,0.0,128,0.3602,2.5860727729797364,0.3569,2.5858386951446533,81.894118309021,2149156,adamw,0.001,1.0,,,10.0,5.0,,,,,,CIFAR100,42
aco,1,0.0001,128,1,16,32,256,5,0.1,256,0.2398,3.1584555183410643,0.245,3.1739655097961426,32.20661473274231,1082164,adam,0.0001,0.0,,,,,1.0,1.0,,,,CIFAR100,42
aco,2,0.01,32,1,32,64,64,5,0.1,256,0.0536,4.137839517211914,0.0482,4.153644549560547,75.91638588905334,2151300,adam,1e-06,1.0,,,,,1.0,2.0,,,,CIFAR100,42
aco,3,0.01,256,2,16,32,256,5,0.1,256,0.244,3.041575803375244,0.2394,3.070956017303467,31.499560356140137,596532,adamw,0.0001,1.0,,,,,1.0,3.0,,,,CIFAR100,42
aco,4,0.0001,256,2,64,64,256,3,0.0,64,0.1998,3.405792190551758,0.1971,3.419607695007324,37.8423638343811,381284,adam,1e-05,0.0,,,,,1.0,4.0,,,,CIFAR100,42
aco,5,0.01,128,2,32,32,64,5,0.0,128,0.3196,2.7672189590454104,0.3237,2.8100887001037598,37.039448738098145,354500,sgd,1e-05,0.0,,,,,1.0,5.0,,,,CIFAR100,42
aco,6,0.0001,256,2,32,64,256,5,0.0,64,0.1882,3.4577018455505373,0.1863,3.481934465408325,39.81932592391968,450500,adam,0.001,0.0,,,,,2.0,1.0,,,,CIFAR100,42
aco,7,0.0001,256,2,32,32,256,5,0.25,64,0.2732,3.055220944976807,0.2624,3.062813441085815,41.4719557762146,217220,adam,0.001,1.0,,,,,2.0,2.0,,,,CIFAR100,42
aco,8,0.001,64,1,64,64,64,3,0.0,64,0.3566,2.6173101039886473,0.3538,2.6368275360107423,53.71255803108215,1094116,sgd,1e-05,1.0,,,,,2.0,3.0,,,,CIFAR100,42
aco,9,0.01,256,2,64,128,64,5,0.0,256,0.3302,2.782060983276367,0.3416,2.7965245811462403,83.92609906196594,2845092,sgd,1e-05,0.0,,,,,2.0,4.0,,,,CIFAR100,42
aco,10,0.01,128,3,64,32,128,3,0.25,256,0.0096,4.606944921875,0.01,4.606113497924805,44.66341257095337,801252,adamw,1e-06,0.0,,,,,2.0,5.0,,,,CIFAR100,42
aco,11,0.01,256,2,64,64,64,3,0.0,64,0.1348,3.470507181930542,0.1357,3.4917774265289308,41.74396848678589,381796,adamw,1e-06,1.0,,,,,3.0,1.0,,,,CIFAR100,42
aco,12,0.01,256,3,16,64,64,5,0.0,256,0.0108,4.606200046539307,0.01,4.606229327392578,34.52391266822815,628788,adam,0.001,0.0,,,,,3.0,2.0,,,,CIFAR100,42
aco,13,0.001,64,1,32,128,64,3,0.0,256,0.2248,3.2774767768859863,0.2201,3.279953006362915,39.46207904815674,2133252,sgd,1e-05,0.0,,,,,3.0,3.0,,,,CIFAR100,42
aco,14,0.0001,64,2,16,32,64,5,0.0,64,0.3378,2.6084709354400637,0.3349,2.630783797836304,50.99527144432068,183924,adamw,0.0001,1.0,,,,,3.0,4.0,,,,CIFAR100,42
aco,15,0.001,64,1,64,64,64,5,0.1,256,0.3316,2.7244001899719237,0.3189,2.8405715881347655,63.00041127204895,4327588,adam,1e-05,0.0,,,,,3.0,5.0,,,,CIFAR100,42
aco,16,0.001,128,2,64,32,64,5,0.1,256,0.348,2.6295513088226317,0.3582,2.5852122467041014,57.191065073013306,734436,adam,1e-05,0.0,,,,,4.0,1.0,,,,CIFAR100,42
aco,17,0.01,64,3,32,128,64,3,0.4,256,0.1218,3.599324235534668,0.1245,3.6093619384765625,65.53181600570679,594436,adamw,1e-05,1.0,,,,,4.0,2.0,,,,CIFAR100,42
aco,18,0.001,64,1,32,32,64,5,0.5,64,0.246,3.1177758041381836,0.2419,3.1307078224182128,41.45528793334961,558916,adamw,0.001,0.0,,,,,4.0,3.0,,,,CIFAR100,42
aco,19,0.001,128,2,16,32,256,5,0.1,128,0.3374,2.6384127807617186,0.3387,2.6480821266174317,31.65182089805603,321268,adamw,0.0001,0.0,,,,,4.0,4.0,,,,CIFAR100,42
aco,20,0.0001,64,3,16,32,64,5,0.1,64,0.3652,2.4807216064453126,0.3732,2.465121692657471,63.384878396987915,272372,adam,0.0001,1.0,,,,,4.0,5.0,,,,CIFAR100,42
aco,21,0.0001,64,2,32,128,64,5,0.0,64,0.3996,2.36994242477417,0.3977,2.3683636894226074,75.61801958084106,1071812,adam,0.0001,1.0,,,,,5.0,1.0,,,,CIFAR100,42
aco,22,0.01,32,2,64,128,64,3,0.1,64,0.0106,4.608362152099609,0.01,4.608700482177734,91.57975959777832,791780,adamw,1e-05,1.0,,,,,5.0,2.0,,,,CIFAR100,42
aco,23,0.01,256,2,64,128,64,3,0.0,256,0.3014,2.6996640941619874,0.3036,2.702711248397827,51.75495743751526,2384036,adam,1e-05,1.0,,,,,5.0,3.0,,,,CIFAR100,42
aco,24,0.01,32,2,16,64,128,3,0.4,256,0.0108,4.6084153350830075,0.01,4.608637954711914,79.33043122291565,1123508,adam,1e-06,0.0,,,,,5.0,4.0,,,,CIFAR100,42
aco,25,0.0001,64,1,16,64,64,5,0.0,256,0.0178,4.576440534210205,0.0186,4.59988268737793,39.848875522613525,1082164,sgd,0.0001,0.0,,,,,5.0,5.0,,,,CIFAR100,42
aco,26,0.01,256,2,64,64,64,3,0.4,64,0.0108,4.606452707672119,0.01,4.605641181945801,40.70386743545532,381796,adamw,1e-05,1.0,,,,,6.0,1.0,,,,CIFAR100,42
aco,27,0.01,64,1,64,128,64,5,0.25,64,0.0108,4.608044424438477,0.01,4.607314082336425,54.588557958602905,1162724,adamw,0.0001,1.0,,,,,6.0,2.0,,,,CIFAR100,42
aco,28,0.0001,32,2,32,128,128,5,0.4,256,0.4134,2.2360707973480225,0.4169,2.2347977378845214,97.77927017211914,2664068,adam,0.0001,1.0,,,,,6.0,3.0,,,,CIFAR100,42
aco,29,0.01,64,3,32,32,128,3,0.5,64,0.0106,4.607292272949219,0.01,4.606777069091797,53.702428579330444,350852,adam,1e-05,0.0,,,,,6.0,4.0,,,,CIFAR100,42
aco,30,0.0001,128,2,64,64,256,3,0.0,256,0.4466,2.1380253807067873,0.4579,2.119304365158081,45.10124158859253,1187620,adam,1e-05,1.0,,,,,6.0,5.0,,,,CIFAR100,42
aco,31,0.01,128,2,64,64,64,5,0.1,64,0.3468,2.6203323860168455,0.3442,2.6198433921813966,62.238242864608765,580964,sgd,0.0001,0.0,,,,,7.0,1.0,,,,CIFAR100,42
aco,32,0.0001,128,2,32,32,128,3,0.0,64,0.0896,4.137801126861572,0.089,4.143563687133789,35.92038345336914,166532,sgd,1e-05,1.0,,,,,7.0,2.0,,,,CIFAR100,42
aco,33,0.001,64,2,16,64,256,5,0.0,256,0.4488,2.188808009719849,0.439,2.2172457691192626,57.561617851257324,1210612,adam,1e-05,1.0,,,,,7.0,3.0,,,,CIFAR100,42
aco,34,0.0001,64,2,64,64,64,3,0.0,256,0.4596,2.09792576007843,0.4645,2.0850514808654785,59.202170610427856,1187620,adamw,1e-05,1.0,,,,,7.0,4.0,,,,CIFAR100,42
aco,35,0.0001,128,2,64,128,128,3,0.4,64,0.2124,3.3740248123168946,0.2051,3.383500927734375,49.42985773086548,791012,adam,1e-05,0.0,,,,,7.0,5.0,,,,CIFAR100,42
aco,36,0.001,64,2,16,64,64,3,0.0,256,0.4292,2.2627688537597654,0.4359,2.3292929721832274,49.92531704902649,1123828,adam,1e-05,1.0,,,,,8.0,1.0,,,,CIFAR100,42
aco,37,0.01,64,3,32,32,64,5,0.1,256,0.2278,3.0720648765563965,0.2292,3.0694909275054933,63.18719124794006,521668,adamw,0.001,1.0,,,,,8.0,2.0,,,,CIFAR100,42
aco,38,0.0001,256,2,64,64,256,5,0.0,256,0.1406,3.9115792167663574,0.1359,3.915188275909424,65.40392708778381,1387300,sgd,1e-05,1.0,,,,,8.0,3.0,,,,CIFAR100,42
aco,39,0.0001,128,2,64,64,64,3,0.0,128,0.4306,2.1942739391326906,0.4325,2.1849676219940184,45.86349034309387,650404,adam,0.0001,1.0,,,,,8.0,4.0,,,,CIFAR100,42
aco,40,0.001,128,1,32,64,64,3,0.4,256,0.3032,2.8063788215637206,0.299,2.819303239440918,32.62570643424988,2133380,adamw,0.0001,1.0,,,,,8.0,5.0,,,,CIFAR100,42
aco,41,0.001,64,1,32,64,256,5,0.0,256,0.3656,2.561602547454834,0.3707,2.5834241668701172,44.9606237411499,2151300,sgd,1e-05,1.0,,,,,9.0,1.0,,,,CIFAR100,42
aco,42,0.0001,64,1,32,64,64,3,0.0,256,0.3774,2.5151773178100587,0.3809,2.5295430141448976,44.13315224647522,2133380,adam,1e-05,1.0,,,,,9.0,2.0,,,,CIFAR100,42
aco,43,0.0001,32,2,16,64,64,3,0.1,128,0.4074,2.2869791957855226,0.4114,2.284378854370117,81.92197394371033,586612,adam,0.0001,1.0,,,,,9.0,3.0,,,,CIFAR100,42
aco,44,0.001,64,1,16,64,256,3,0.4,256,0.337,2.650203010940552,0.3353,2.666112415313721,37.83280682563782,1077364,sgd,1e-05,1.0,,,,,9.0,4.0,,,,CIFAR100,42
aco,45,0.001,32,2,16,64,64,3,0.1,256,0.4654,2.056289790916443,0.469,2.033356648635864,71.13339686393738,1123828,sgd,1e-05,1.0,,,,,9.0,5.0,,,,CIFAR100,42
aco,46,0.0001,128,3,16,32,64,5,0.1,256,0.3714,2.4507890823364256,0.3736,2.429943088912964,38.21810269355774,488372,adam,0.0001,1.0,,,,,10.0,1.0,,,,CIFAR100,42
aco,47,0.0001,32,2,64,64,64,5,0.0,256,0.488,1.977838490486145,0.4876,1.9740038276672363,88.89582586288452,1387300,adam,1e-05,1.0,,,,,10.0,2.0,,,,CIFAR100,42
aco,48,0.01,128,2,16,128,64,5,0.0,256,0.2708,2.890204993438721,0.2617,2.9026089294433595,56.87528872489929,2592372,adam,0.0001,1.0,,,,,10.0,3.0,,,,CIFAR100,42
aco,49,0.0001,64,2,16,64,64,5,0.0,256,0.4234,2.253894609451294,0.4272,2.2428745761871336,46.76078009605408,1210612,adam,0.0001,1.0,,,,,10.0,4.0,,,,CIFAR100,42
aco,50,0.0001,64,1,64,64,64,5,0.0,128,0.3792,2.5156085971832276,0.3752,2.5052305198669433,59.682164907455444,2217764,adamw,0.0001,1.0,,,,,10.0,5.0,,,,CIFAR100,42
harmony_search,1,0.0019004375238737116,32,3,32,32,64,3,0.3682356070820062,256,0.1988,3.368139818572998,0.1944,3.3731013206481935,82.1917519569397,372164,adamw,0.0001,0.0,,,,,,,init,1.0,,CIFAR100,42
harmony_search,2,0.0015169980582701848,32,1,16,32,64,3,0.2806225314693065,256,0.2756,3.0153750213623045,0.2602,3.030326940917969,61.819560289382935,1077364,adamw,0.0001,1.0,,,,,,,init,2.0,,CIFAR100,42
harmony_search,3,0.00027598230915285764,128,1,16,128,128,5,0.13893567083582092,64,0.184,3.5683518733978272,0.1764,3.5889137886047364,27.49775791168213,276404,sgd,1e-06,1.0,,,,,,,init,3.0,,CIFAR100,42
harmony_search,4,0.0001561107296769821,128,3,32,32,256,5,0.26811404572735037,128,0.4034,2.2695584785461427,0.4123,2.2444970146179197,66.61112308502197,2461636,adam,1e-05,1.0,,,,,,,init,4.0,,CIFAR100,42
harmony_search,5,0.001427921361121902,32,1,64,32,128,3,0.42765886050757346,64,0.2424,3.1385779472351074,0.2398,3.157008473968506,61.16171455383301,1094116,sgd,1e-05,1.0,,,,,,,init,5.0,,CIFAR100,42
harmony_search,6,0.00027598230915285764,128,1,16,32,64,5,0.2806225314693065,64,0.1596,3.741075492477417,0.1528,3.761071337509155,26.233237743377686,276404,sgd,1e-05,1.0,,,,,,,main,,1.0,CIFAR100,42
harmony_search,7,0.0015169980582701848,128,3,32,32,64,3,0.42765886050757346,64,0.0092,4.606363945770264,0.01,4.605849822235108,31.454803943634033,156164,adam,0.0001,0.0,,,,,,,main,,2.0,CIFAR100,42
harmony_search,8,0.0001561107296769821,128,1,16,32,256,3,0.2806225314693065,64,0.023,4.600223447418213,0.0211,4.601808428955078,29.129735708236694,271476,sgd,1e-05,0.0,,,,,,,main,,3.0,CIFAR100,42
harmony_search,9,0.0019004375238737116,32,3,32,32,64,5,0.2806225314693065,64,0.0106,4.606419442749023,0.01,4.605486854553223,81.68386149406433,305156,adamw,1e-05,0.0,,,,,,,main,,4.0,CIFAR100,42
harmony_search,10,0.0022532106319453774,32,1,32,32,128,3,0.030306337038506825,256,0.26,3.0609484733581542,0.2689,3.0984504608154295,59.40093016624451,2133252,adam,1e-05,0.0,,,,,,,main,,5.0,CIFAR100,42
harmony_search,11,0.0019004375238737116,128,1,64,32,64,3,0.42765886050757346,64,0.1778,3.491379556274414,0.1769,3.5054539726257326,30.46454930305481,1093860,adamw,1e-05,0.0,,,,,,,main,,6.0,CIFAR100,42
harmony_search,12,0.0015169980582701848,64,1,16,32,128,3,0.228612286285226,64,0.2016,3.385197904968262,0.1961,3.3934883277893064,35.43276238441467,271476,sgd,0.0001,0.0,,,,,,,main,,7.0,CIFAR100,42
harmony_search,13,0.001427921361121902,32,1,64,32,128,3,0.228612286285226,64,0.0568,4.093933968353271,0.0538,4.1109388626098635,62.17412853240967,1094116,adamw,0.0001,1.0,,,,,,,main,,8.0,CIFAR100,42
harmony_search,14,0.0015169980582701848,64,1,32,64,64,3,0.030306337038506825,64,0.2198,3.2733614532470705,0.2179,3.2662464195251464,33.90258026123047,540996,sgd,0.0001,0.0,,,,,,,main,,9.0,CIFAR100,42
harmony_search,15,0.0001561107296769821,32,1,32,32,128,3,0.2806225314693065,64,0.2762,2.929247113418579,0.28,2.941750288391113,63.56097221374512,541124,adam,1e-05,1.0,,,,,,,main,,10.0,CIFAR100,42
harmony_search,16,0.0001561107296769821,128,1,64,32,64,3,0.2806225314693065,256,0.2684,3.139205936431885,0.2626,3.1558211936950684,36.58489680290222,4259236,sgd,1e-05,1.0,,,,,,,main,,11.0,CIFAR100,42
harmony_search,17,0.0015169980582701848,32,1,16,32,64,3,0.2806225314693065,256,0.2902,2.8920834785461427,0.2823,2.910337802886963,56.850825786590576,1077300,adamw,1e-05,0.0,,,,,,,main,,12.0,CIFAR100,42
harmony_search,18,0.0001561107296769821,128,1,16,32,128,5,0.26811404572735037,256,0.176,3.666201821899414,0.1669,3.6782593070983887,25.0978422164917,1082228,sgd,1e-05,1.0,,,,,,,main,,13.0,CIFAR100,42
harmony_search,19,0.0015169980582701848,32,1,32,32,64,3,0.2806225314693065,256,0.2894,2.8752880508422853,0.281,2.911661531829834,57.626118898391724,2133252,adam,1e-05,0.0,,,,,,,main,,14.0,CIFAR100,42
harmony_search,20,0.0015169980582701848,32,1,16,32,128,3,0.26811404572735037,128,0.2832,2.904238942718506,0.281,2.919445162200928,56.933578968048096,540084,adam,0.0001,0.0,,,,,,,main,,15.0,CIFAR100,42
harmony_search,21,0.0001561107296769821,32,1,64,32,64,3,0.121931719595478,128,0.334,2.6250241889953614,0.3334,2.6373432621002197,63.54074454307556,2149156,adam,1e-05,1.0,,,,,,,main,,16.0,CIFAR100,42
harmony_search,22,0.00016767294904580508,32,2,16,64,64,3,0.2806225314693065,128,0.3626,2.5033988945007324,0.352,2.5223760543823244,73.93189787864685,586612,adam,0.0001,1.0,,,,,,,main,,17.0,CIFAR100,42
harmony_search,23,0.0015169980582701848,256,2,16,32,64,5,0.2806225314693065,64,0.2522,3.042161217880249,0.2614,3.0362496688842775,23.731911420822144,183732,adam,1e-05,0.0,,,,,,,main,,18.0,CIFAR100,42
harmony_search,24,0.0015169980582701848,32,2,64,32,64,3,0.26811404572735037,128,0.2692,2.9866805168151855,0.2691,2.982208595275879,64.0142080783844,341604,sgd,1e-05,0.0,,,,,,,main,,19.0,CIFAR100,42
harmony_search,25,0.00016767294904580508,128,3,32,32,64,5,0.121931719595478,256,0.4322,2.1489133378982546,0.44,2.120805859565735,47.34024500846863,521668,adam,1e-05,1.0,,,,,,,main,,20.0,CIFAR100,42
harmony_search,26,0.0015169980582701848,128,2,32,32,64,3,0.2806225314693065,256,0.392,2.310532646942139,0.3951,2.2974176166534424,32.194385290145874,579140,adam,1e-06,1.0,,,,,,,main,,21.0,CIFAR100,42
harmony_search,27,0.00016767294904580508,128,3,32,64,64,5,0.121931719595478,128,0.4468,2.0631530641555784,0.4572,2.0367099029541014,51.293492794036865,531460,adam,0.0001,1.0,,,,,,,main,,22.0,CIFAR100,42
harmony_search,28,0.00016767294904580508,128,3,32,32,64,5,0.3082034576700202,128,0.3804,2.390148954772949,0.3747,2.3894530464172363,48.29278635978699,377668,adam,0.0001,1.0,,,,,,,main,,23.0,CIFAR100,42
harmony_search,29,0.0001561107296769821,128,2,32,32,64,3,0.26811404572735037,256,0.3932,2.345844839477539,0.395,2.345178456878662,30.15059781074524,579140,adam,1e-05,1.0,,,,,,,main,,24.0,CIFAR100,42
harmony_search,30,0.00016767294904580508,128,2,32,32,256,3,0.2806225314693065,256,0.232,3.204377713012695,0.2389,3.18793109664917,30.943654537200928,578884,adam,0.0001,0.0,,,,,,,main,,25.0,CIFAR100,42
harmony_search,31,0.0001561107296769821,128,2,32,32,64,5,0.121931719595478,256,0.4406,2.201522459602356,0.4299,2.1927014350891114,42.56130003929138,629828,adam,1e-05,1.0,,,,,,,main,,26.0,CIFAR100,42
harmony_search,32,0.00016767294904580508,256,3,32,32,64,5,0.0485959993109108,128,0.4006,2.294895449066162,0.4095,2.2711416110992433,43.88510084152222,377668,adam,1e-05,1.0,,,,,,,main,,27.0,CIFAR100,42
harmony_search,33,0.00013715773532003528,256,3,32,32,64,5,0.26811404572735037,128,0.341,2.5880540828704834,0.3412,2.575582131958008,43.73137831687927,377668,adam,0.0001,1.0,,,,,,,main,,28.0,CIFAR100,42
harmony_search,34,0.00016767294904580508,256,2,32,32,64,5,0.26811404572735037,128,0.3724,2.4996370399475096,0.3677,2.503546543884277,38.165401220321655,354756,adam,1e-05,1.0,,,,,,,main,,29.0,CIFAR100,42
harmony_search,35,0.00016767294904580508,128,2,32,32,64,5,0.121931719595478,128,0.407,2.291395960998535,0.4089,2.29771612701416,49.6030216217041,354756,adam,1e-05,1.0,,,,,,,main,,30.0,CIFAR100,42
harmony_search,36,0.0001561107296769821,128,3,32,32,64,5,0.121931719595478,256,0.4256,2.1943998796463013,0.4329,2.1652233741760254,47.80137300491333,521668,adam,1e-05,1.0,,,,,,,main,,31.0,CIFAR100,42
harmony_search,37,0.0001561107296769821,32,2,32,32,64,5,0.121931719595478,128,0.4404,2.1295079513549804,0.4375,2.1341442050933837,107.05318760871887,354756,adam,1e-06,1.0,,,,,,,main,,32.0,CIFAR100,42
harmony_search,38,0.00016767294904580508,128,3,32,32,64,5,0.121931719595478,256,0.428,2.1773824451446533,0.4373,2.1258071876525877,50.096352338790894,521668,adam,1e-06,1.0,,,,,,,main,,33.0,CIFAR100,42
harmony_search,39,0.0001561107296769821,128,2,32,32,64,5,0.121931719595478,128,0.405,2.3477034103393555,0.3946,2.3468276626586912,42.72521424293518,354756,adam,1e-05,1.0,,,,,,,main,,34.0,CIFAR100,42
harmony_search,40,0.004165161403992934,32,3,64,32,64,3,0.121931719595478,128,0.3092,2.6895677764892576,0.2995,2.706563256454468,111.59068822860718,266596,adam,0.0001,1.0,,,,,,,main,,35.0,CIFAR100,42
harmony_search,41,0.00016767294904580508,128,2,32,32,64,5,0.4583732275285601,256,0.3688,2.4546759098052977,0.3709,2.4568233074188233,44.666775703430176,629828,adam,1e-05,1.0,,,,,,,main,,36.0,CIFAR100,42
harmony_search,42,0.00016767294904580508,32,3,32,32,64,5,0.121931719595478,64,0.439,2.1226767501831056,0.4281,2.1334293838500975,117.5693359375,305668,adam,1e-05,1.0,,,,,,,main,,37.0,CIFAR100,42
harmony_search,43,0.0001561107296769821,128,3,32,32,128,5,0.121931719595478,128,0.4346,2.1052705139160155,0.4366,2.1339237884521483,54.165379762649536,867524,adam,0.0001,1.0,,,,,,,main,,38.0,CIFAR100,42
harmony_search,44,0.00017403373741804566,128,3,32,64,64,5,0.121931719595478,64,0.4056,2.2744870653152467,0.4111,2.2507491470336913,57.00117540359497,459460,adam,0.0001,1.0,,,,,,,main,,39.0,CIFAR100,42
harmony_search,45,0.00016767294904580508,32,1,32,64,64,5,0.121931719595478,128,0.3656,2.5050912872314455,0.3596,2.5125212268829347,76.7946298122406,1089796,adam,1e-05,1.0,,,,,,,main,,40.0,CIFAR100,42
harmony_search,46,0.0001561107296769821,128,2,32,32,64,5,0.121931719595478,128,0.4032,2.303468635559082,0.4048,2.304426790237427,45.113054513931274,354756,adam,0.0001,1.0,,,,,,,main,,41.0,CIFAR100,42
harmony_search,47,0.0001561107296769821,32,3,32,32,128,5,0.121931719595478,128,0.4656,1.9558891944885255,0.4761,1.9594561416625977,120.01759004592896,867524,adam,0.0001,1.0,,,,,,,main,,42.0,CIFAR100,42
harmony_search,48,0.0001561107296769821,32,2,32,32,64,5,0.121931719595478,64,0.4066,2.263119085693359,0.4086,2.251545363235474,92.00776529312134,217220,adam,1e-05,1.0,,,,,,,main,,43.0,CIFAR100,42
harmony_search,49,0.0001561107296769821,128,3,32,64,64,3,0.121931719595478,64,0.3922,2.3636509799957275,0.3903,2.3550926963806154,44.213698863983154,212164,adam,1e-05,1.0,,,,,,,main,,44.0,CIFAR100,42
harmony_search,50,0.0001,64,3,32,32,64,5,0.121931719595478,128,0.421,2.227595619010925,0.4172,2.2152222351074218,67.99765419960022,377668,adam,0.0001,1.0,,,,,,,main,,45.0,CIFAR100,42
